path	sha256	md5	bytes	mtime	git_state	last_commit	flag	-
results/.gitkeep	e3b0c44298fc1c149afbf4c8996fb92427ae41e4649b934ca495991b7852b855	d41d8cd98f00b204e9800998ecf8427e	0	2026-08-09T02:26:28+05:30	tracked-clean	2026-07-31T02:05:00Z		
results/accuracy_v2/by_model.csv	bf50662af3afcf0823be78169d8140e87dd6023e97d86f9942ee6e9541607a95	984666c6686e4b20c93fae41b9857ec9	6180	2026-09-24T23:56:42+05:30	tracked-clean	2026-09-25T00:01:45+05:30		
results/accuracy_v2/by_model_davis.csv	6efc0a90d300018b356092d45b0d7d0f9d68f3dff95137db99b61bd3146f0b39	f4b82b6dae95ef678b71aa13e8ad506b	4856	2026-09-24T15:12:27+05:30	tracked-clean	2026-09-24T15:13:23+05:30		
results/accuracy_v2/by_model_kiba.csv	b6f33ef90790f72512bc46a735adabe3e999aa5d87d6d9717fe5eed9878e0ec5	d1c4830909e8bc4607cc9dfa21efc37a	1503	2026-09-24T23:56:40+05:30	tracked-clean	2026-09-25T00:01:45+05:30		
results/accuracy_v2/cells.csv	b5de6b0a0c6948a0638674b2ad5f390aa6e622de26240abba85050bd0c9e8967	d5251064b3216a37a4d88e7ac3cd9459	23424	2026-09-24T23:56:42+05:30	tracked-clean	2026-09-25T00:01:45+05:30		
results/accuracy_v2/cells_davis.csv	17e7c48e85aaa802aa2c9f69f9f60a5a7bba4e70a3d4e3a6285b96a169d39cc8	e521184d2ad55e1c3401dc1abb28d92b	18072	2026-09-24T15:12:27+05:30	tracked-clean	2026-09-24T15:13:23+05:30		
results/accuracy_v2/cells_kiba.csv	874e917ef80935feb75c2e082a7413ff49731c23f317642ee28ef145e578d39a	4567ec89a6423927bb4b0c6cd88da0d1	5417	2026-09-24T23:56:40+05:30	tracked-clean	2026-09-25T00:01:45+05:30		
results/accuracy_v2/investigate_moltrans_coldpair.py	e7eb0702252e061d5c0bb6a072812526be2db3978933d628301438cbfe5ff404	5ac89a13945a8d9c8ad18f169eb36ce3	3937	2026-09-24T16:47:36+05:30	tracked-clean	2026-09-24T16:56:19+05:30		
results/accuracy_v2/localization_cells.csv	076410918495e45c06dfa0b4f5f8a4b395b0992714962bd5a74ead75308033e6	7dfe8ab54c832a7ce414b0416b8421b5	5251	2026-09-24T23:59:48+05:30	tracked-clean	2026-09-25T00:01:45+05:30		
results/accuracy_v2/localization_cells_davis.csv	c8db8db2b4055a1a427c2ddac5d0a1211802eaac072244cfff8f665a23ba2bb6	47663084bb2e54de170431d623a0b483	3850	2026-09-24T23:59:29+05:30	tracked-clean	2026-09-24T15:13:23+05:30		
results/accuracy_v2/localization_cells_kiba.csv	5bcfe204a91bf9274ac33901a03af6d34519fefb827a0b47661cb427d9b39568	a6908cb147a8e6c32da00ea10e2b1aae	1495	2026-09-24T23:59:40+05:30	tracked-clean	2026-09-25T00:01:45+05:30		
results/accuracy_v2/localization_spearman.csv	89294d372f8fb23fa0a92c419bce6aa6a86570327135850132c730cd2006e26d	5059c3d4931460cef2b50a90f79e4ac9	1381	2026-09-25T00:00:04+05:30	tracked-clean	2026-09-25T00:01:45+05:30		
results/accuracy_v2/localization_spearman_davis.csv	34e246ebe5a19eecb57175b03efe54676531b6f49a3bf627d8298c9a6e955536	dc8fdb23dbcd31433bb7c93e79050511	801	2026-09-24T23:59:38+05:30	tracked-clean	2026-09-24T15:13:23+05:30		
results/accuracy_v2/localization_spearman_kiba.csv	994a46d20e61d1bc85955eac701d790ea33113b64e77147044daf622ca2daee5	d107ad6d292d4a39d44779c8daca4323	652	2026-09-24T23:59:47+05:30	tracked-clean	2026-09-25T00:01:45+05:30		
results/accuracy_v2/moltrans_coldpair_investigation.json	ced4b345ca5a5890bccdbfa0b013ebcd6cffb36c4ef814b1feccd20e29fddb7d	7f40ab726adf7926481bacd2848b3e68	5700	2026-09-24T16:54:40+05:30	tracked-clean	2026-09-24T16:56:19+05:30		
results/accuracy_v2/moltrans_coldpair_investigation.log	7a0bb46a2f58718688b2654654f3eb8fea87bce7be5445898c015bfb78685c65	b5e19aa4567ad5500deb74f8b4fc93aa	5441	2026-09-24T16:54:40+05:30	tracked-clean	2026-09-24T16:56:19+05:30		
results/accuracy_v2/predict_davis.log	ecef01318c77ae96a4b7ddbff815e2497d91407324f6ee5915e0337abb086da1	0811f95536ca5cdd66827db1d0072d76	11521	2026-09-24T15:12:10+05:30	tracked-clean	2026-09-24T15:13:23+05:30		
results/accuracy_v2/predict_kiba.log	0d8fad42a162a3f5b9babdb97e127bbdfe1bfb786e3063691c18cebacff7a79a	9ee969b65374871f5c0a451c9a2d84e8	24358	2026-09-24T23:56:19+05:30	tracked-clean	2026-09-25T00:01:45+05:30		
results/accuracy_v2/predictions/davis_cold_drug_coldsite_dti_seed1.csv.gz	67860f95bcfbb2f869519c0de6bc4f8cad513cb92b5d87842350f0a612c9e82d	057d719ce889c4d4369b5b09bf13ca51	63015	2026-09-24T13:57:33+05:30	ignored			
results/accuracy_v2/predictions/davis_cold_drug_coldsite_dti_seed1.meta.json	c30344e1b92912af3dcd0dd248121a61bdde8337add1b0806e0e28f085b9df7b	76e3a3c383ebda7bdf53eee303aa793c	612	2026-09-24T13:57:33+05:30	ignored			
results/accuracy_v2/predictions/davis_cold_drug_coldsite_dti_seed2.csv.gz	44693c57fcef3ec6cc6a6eb0c88fe49908de86229bb4e33f37e4069802c01097	7fc410e166b903aabdab089e119ab501	61906	2026-09-24T14:01:57+05:30	ignored			
results/accuracy_v2/predictions/davis_cold_drug_coldsite_dti_seed2.meta.json	6a1db2c1b0fae9b0b00ab68f31c7d7a7244083bf78598e423fd7d81b8a8bcf12	c75245967f71dcbda14734d8004787c1	612	2026-09-24T14:01:57+05:30	ignored			
results/accuracy_v2/predictions/davis_cold_drug_coldsite_dti_seed3.csv.gz	b164fad50c2eba152c8a1ed95e071a4c603e891a5d4fe8390b8b2ec8875d09d3	62d9aded3926db5e6097615c2d98705c	62595	2026-09-24T14:04:52+05:30	ignored			
results/accuracy_v2/predictions/davis_cold_drug_coldsite_dti_seed3.meta.json	2c0160e819a83d68eedec3498c8c5013ff9f5899231187e711b0dfc5642114a8	42290575a75ba37ad91d58b22b1fbe93	612	2026-09-24T14:04:52+05:30	ignored			
results/accuracy_v2/predictions/davis_cold_drug_deepdta_seed1.csv.gz	2d0c3febd5d067f745a4e5a37fc93d2f1d5381cecf9e30121c7ae1af2b7999b6	1051afefd123a1e5c85936659d1db8ef	63242	2026-09-24T09:44:24+05:30	ignored			
results/accuracy_v2/predictions/davis_cold_drug_deepdta_seed1.meta.json	004f850e4d8453fa71d068e49fe3664f3e1506badb0e18cc2b82e36507a4fcb1	c8f51a20ea558755b38bfa210cbe7d4e	609	2026-09-24T09:44:24+05:30	ignored			
results/accuracy_v2/predictions/davis_cold_drug_deepdta_seed2.csv.gz	e6cb85bb668393c50ae8bc8be1497848e46ebab74cd0af16274dddb5761749ab	72b6f07aa02a7b54daf9d903c0f2b0b0	62984	2026-09-24T09:44:26+05:30	ignored			
results/accuracy_v2/predictions/davis_cold_drug_deepdta_seed2.meta.json	a363df0e5501c68f96d5823675653f74e1ba88a177739af777132ed425bbe0e5	58d64f34d6d232aa94cdcda132843dc2	608	2026-09-24T09:44:26+05:30	ignored			
results/accuracy_v2/predictions/davis_cold_drug_deepdta_seed3.csv.gz	1c0e997130165555f7a0eef32647aab3ec25b28ac746bccdc08993b377f2bdf9	88abb365e564af10fb944a51d15a1fd1	62762	2026-09-24T09:44:29+05:30	ignored			
results/accuracy_v2/predictions/davis_cold_drug_deepdta_seed3.meta.json	f7a455da339eecd9bfb5d1bf6ec0ab92883793631eb8d3a02a1fc1a0ad6f61d7	3c231811818aac2d4316409eb1b803c4	609	2026-09-24T09:44:29+05:30	ignored			
results/accuracy_v2/predictions/davis_cold_drug_hyperattentiondti_seed1.csv.gz	604f9153990e853720738aff3f9b89856d6e48c0c3f5772a1a78e7eb84e11bcb	74cefe99aa87e76e2ad95712c683dfca	63249	2026-09-24T14:29:57+05:30	ignored			
results/accuracy_v2/predictions/davis_cold_drug_hyperattentiondti_seed1.meta.json	6b9a7f3aa98609ad3f7a56115f15f9dafe23060bec9ba595f038ba5d2732dc50	5f27d318f6c3aebaf4ad2e2e294a3bbe	640	2026-09-24T14:29:57+05:30	ignored			
results/accuracy_v2/predictions/davis_cold_drug_hyperattentiondti_seed2.csv.gz	b45606ef7b9f8da82034e3ec0e2967dc9ab1d4346cc3880e826f36fc46f15554	dca53f035dce3f81f823e5499cd63bd3	62968	2026-09-24T14:32:46+05:30	ignored			
results/accuracy_v2/predictions/davis_cold_drug_hyperattentiondti_seed2.meta.json	2a6c3f8b473e4ac56fe2f153084a205ae3e1402d3a75fd077bf5457e958d90f4	c7f307617c472f17df72d992564c1667	638	2026-09-24T14:32:46+05:30	ignored			
results/accuracy_v2/predictions/davis_cold_drug_hyperattentiondti_seed3.csv.gz	71e525d013b62ce1a20dcd781f1bc80d320f284bcabcdc262789829d2acd989d	ad2083224fc04b26f6709537d2c92dfd	62931	2026-09-24T14:35:23+05:30	ignored			
results/accuracy_v2/predictions/davis_cold_drug_hyperattentiondti_seed3.meta.json	2042e47272c8b425dff91c635473fc692632c1ffb2b9bb66103a4f69975a800b	4bd84a0032790ea71b77c3b3e7fbc922	640	2026-09-24T14:35:23+05:30	ignored			
results/accuracy_v2/predictions/davis_cold_drug_moltrans_seed1.csv.gz	bb1f3b3cff15c7509a3c60eb4e63462b00fab34fc7f6932474080dd848de1160	4cec3bc7e52c3e417a599b1fb85b6719	67202	2026-09-24T14:57:56+05:30	ignored			
results/accuracy_v2/predictions/davis_cold_drug_moltrans_seed1.meta.json	1a81c326e58e8b4c52eedfb42966c38f713b51e45db0284dcff44d323141f4eb	bdbbe8554fb77860415eb5fb6813244b	613	2026-09-24T14:57:57+05:30	ignored			
results/accuracy_v2/predictions/davis_cold_drug_moltrans_seed2.csv.gz	5ff4e0dc935206453fdef3f7251f51b03d83ddbd6453ed3bef96ac18e3d72d68	5d333e842869f008466ad29e6148834f	67073	2026-09-24T15:00:24+05:30	ignored			
results/accuracy_v2/predictions/davis_cold_drug_moltrans_seed2.meta.json	207869847f3c97796dc3b17a1131f99e9b6d985cc808212e5eb4e4d095d0cd8f	49b2eb9bcb1954a3258fc905009c60a6	612	2026-09-24T15:00:24+05:30	ignored			
results/accuracy_v2/predictions/davis_cold_drug_moltrans_seed3.csv.gz	15dc02e1c381ac73732667aca7bd3c8971104b8920e999500d5bd21955d1ed42	b1b08be3b386cc36aa4304aab7fc7861	66877	2026-09-24T15:02:53+05:30	ignored			
results/accuracy_v2/predictions/davis_cold_drug_moltrans_seed3.meta.json	a55189692ad9354bcaf4bdd0ed600a540c1fa68abb5cbaad4bac88c20d7e6755	f0ce2debedd4c5ac346beee9d694a5c5	612	2026-09-24T15:02:53+05:30	ignored			
results/accuracy_v2/predictions/davis_cold_pair_coldsite_dti_seed1.csv.gz	25138f55ef51d14e1e16586539f61dfbf5fe8eb4d23dfea4633ec941ffa3426d	71083441d1da23346fd36421bd5cd69a	13275	2026-09-24T14:14:48+05:30	ignored			
results/accuracy_v2/predictions/davis_cold_pair_coldsite_dti_seed1.meta.json	66d83c6607090d58c67b717cc3be2d40b381fc1df389190a24956c1e0804db6b	ad856e6dc98a4b996124e264226a343e	612	2026-09-24T14:14:48+05:30	ignored			
results/accuracy_v2/predictions/davis_cold_pair_coldsite_dti_seed2.csv.gz	f418c107376603360605215a0fda777ebace527227106bb625cec6505d22a967	ebaf64bedfa4672ed55a5935d94b2b7d	13242	2026-09-24T14:15:27+05:30	ignored			
results/accuracy_v2/predictions/davis_cold_pair_coldsite_dti_seed2.meta.json	c7800c57063f537388fae4f7edc95e9285681db3f9776a5ea3f044812c579e8b	155857af3c03e282daad8ca10e81d9d6	612	2026-09-24T14:15:27+05:30	ignored			
results/accuracy_v2/predictions/davis_cold_pair_coldsite_dti_seed3.csv.gz	00d05a2f542c7dcd6e76ac8fe27f27f1811aecafddefc8c94145f305983dd486	04d1e7a48ac627e42f44d338e46962b4	13146	2026-09-24T14:16:03+05:30	ignored			
results/accuracy_v2/predictions/davis_cold_pair_coldsite_dti_seed3.meta.json	954369f28bad1ac3104cceef9ae1a86ba20a6432e165b386d8daba446d6ce0ea	a62c92a4d3d10926477131eaeca669f3	612	2026-09-24T14:16:03+05:30	ignored			
results/accuracy_v2/predictions/davis_cold_pair_deepdta_seed1.csv.gz	437b68353138b51c1eb4088309a3592f06c742c727adec39d962bcd6c85b824b	6196c589a0f2e6da937ea818b3470637	13371	2026-09-24T09:44:39+05:30	ignored			
results/accuracy_v2/predictions/davis_cold_pair_deepdta_seed1.meta.json	ca83122a282620d7d8b91c867d5de607d233560100b79fe5e9e9e9a1e3d40c3c	0c527149586ebc7fb2ce2c1e3b415bf1	610	2026-09-24T09:44:39+05:30	ignored			
results/accuracy_v2/predictions/davis_cold_pair_deepdta_seed2.csv.gz	0d7d24c2795d2cea36233fc13d6cc372c5950a271b69a5c76fa46221b3161d0b	591e872d669e8ea65fa86c9a447b9082	13323	2026-09-24T09:44:39+05:30	ignored			
results/accuracy_v2/predictions/davis_cold_pair_deepdta_seed2.meta.json	aadbefa6d3d367fa98a20270c13d1f04d81df113b5b58a1d4fcc93f565d4637f	72035775f1be7c42b448fe6faa586fec	609	2026-09-24T09:44:39+05:30	ignored			
results/accuracy_v2/predictions/davis_cold_pair_deepdta_seed3.csv.gz	0efa64d453ec9a974f5b5ca303dc1b8c6bc5b72f79a04877d49930318758d57e	6fb36748db602012b6371659ef27cbf5	13364	2026-09-24T09:44:40+05:30	ignored			
results/accuracy_v2/predictions/davis_cold_pair_deepdta_seed3.meta.json	54458c01b91d59c8bd261ac607ce58fe4afbc23ffee5e17ce5e8d5c48d8112d0	c431297478ac1c0a8858158c7a4e3e67	610	2026-09-24T09:44:40+05:30	ignored			
results/accuracy_v2/predictions/davis_cold_pair_hyperattentiondti_seed1.csv.gz	714c327276c7d49aa35fbbde376763a427f6a1d27cd090d77adc8e4598121ce2	5146deb1271d15556d0659c3c9f6fa2e	13250	2026-09-24T14:44:11+05:30	ignored			
results/accuracy_v2/predictions/davis_cold_pair_hyperattentiondti_seed1.meta.json	18751d64ecb42dc3cc60a0da2dc4942e8ca0cb7589d922635d027c625e55523c	88801026cda32572dc1511a5c9ec1893	640	2026-09-24T14:44:11+05:30	ignored			
results/accuracy_v2/predictions/davis_cold_pair_hyperattentiondti_seed2.csv.gz	499994c00c911573857ef81e6a366e546d9c0619f0ad86c74d636b9f2dd1b6a9	02c75c89b9468d423bd3bcd40c2be576	13309	2026-09-24T14:45:19+05:30	ignored			
results/accuracy_v2/predictions/davis_cold_pair_hyperattentiondti_seed2.meta.json	d56dcfb5a504af1ddb69785cca35bda23be95c19db1c03c0506b37228be46c8d	92bcda88fe2f6c483ede67ca87c81d66	640	2026-09-24T14:45:19+05:30	ignored			
results/accuracy_v2/predictions/davis_cold_pair_hyperattentiondti_seed3.csv.gz	1175b4eeb6962486944ba4311b7932cc549edc03956db7a26fa7e3295ef34979	3b22e3926351c7bedb8bd42637d18264	13129	2026-09-24T14:47:07+05:30	ignored			
results/accuracy_v2/predictions/davis_cold_pair_hyperattentiondti_seed3.meta.json	24294a96264edc786509acc5310461533f39b07688a70215487718a2d08250fa	ac07d8686500aa553db2d098a0864433	639	2026-09-24T14:47:07+05:30	ignored			
results/accuracy_v2/predictions/davis_cold_pair_moltrans_seed1.csv.gz	bd991ea0579d4dac74116e5de5620e01792475910b8906ccd8564e12f74f22d6	eb4e6af415d832e16cf1f9017f2f199a	13322	2026-09-24T15:11:05+05:30	ignored			
results/accuracy_v2/predictions/davis_cold_pair_moltrans_seed1.meta.json	9363a9fcf616b50bb462aa9bc5e812ebfb64b87d99547a0fab8e4780789b62b2	96e1e44d2f2fa6919de514efacd71804	613	2026-09-24T15:11:05+05:30	ignored			
results/accuracy_v2/predictions/davis_cold_pair_moltrans_seed2.csv.gz	366e870ff65a2b3de32ba92ba80c9640460d4eb9dbd8ee613998c83863feeb6f	52e8091c3dcd53163f3e913c50949466	13310	2026-09-24T15:11:37+05:30	ignored			
results/accuracy_v2/predictions/davis_cold_pair_moltrans_seed2.meta.json	f4d33bf9e7833c9edd9b578aafc2f2759658438732662aa4ab7bdc7cbe0a2e28	737eb9a56a43cf937758e556ba227c95	612	2026-09-24T15:11:38+05:30	ignored			
results/accuracy_v2/predictions/davis_cold_pair_moltrans_seed3.csv.gz	d316166707c2c99a8d19e2ea04a81da15c10b37242e7d4fc8e7d8cd108fb8897	774d0d85e7002184ce3c4048e053d3d4	13435	2026-09-24T15:12:10+05:30	ignored			
results/accuracy_v2/predictions/davis_cold_pair_moltrans_seed3.meta.json	30067f8e4831e1c588e10fb769b11e4c8cd7bfe05bcb0d0b910b875a84b25fcc	942c2102d4ea43fbcb14bd90a6038e6e	613	2026-09-24T15:12:10+05:30	ignored			
results/accuracy_v2/predictions/davis_cold_target_coldsite_dti_seed1.csv.gz	910697e93878c7dc33dd656c65231953c0ac67598a64bb40d4e957e4ac86f7ca	1047b2a593162452953a175dea7b3c21	67232	2026-09-24T14:07:54+05:30	ignored			
results/accuracy_v2/predictions/davis_cold_target_coldsite_dti_seed1.meta.json	5ad1582d24a2a499902bfb889c18928922ac189d04587ecd03bdb19ce48e7a8d	220be8e6579b652a04deff553b0bf686	618	2026-09-24T14:07:54+05:30	ignored			
results/accuracy_v2/predictions/davis_cold_target_coldsite_dti_seed2.csv.gz	f065a9f38c0f31f470168d1bc734fabd3d44f16d3aaaa31be9c75888c1631360	afbcc21a99a7d904cc3c30d9a4e45a3e	67756	2026-09-24T14:11:14+05:30	ignored			
results/accuracy_v2/predictions/davis_cold_target_coldsite_dti_seed2.meta.json	38400608cbfc4a9536a0e1a2c4cb22ef4a0dc62c92d39e9b4d6dea6c885e0b6e	1848837eee989b4e8d18796c1004b75d	616	2026-09-24T14:11:14+05:30	ignored			
results/accuracy_v2/predictions/davis_cold_target_coldsite_dti_seed3.csv.gz	942cd89d63411097715c0b354066ad85a0e3e527a6375de824261c34a7586759	f1cf908027ccc3f74f20669233a1b126	67901	2026-09-24T14:14:11+05:30	ignored			
results/accuracy_v2/predictions/davis_cold_target_coldsite_dti_seed3.meta.json	e8c6ff4bb28ecc3fe4cde58eef1e1855b93057bfa4c7bd34f95cd1ac82e7e334	dea382c298582fd4821bb88aca9e2cb1	617	2026-09-24T14:14:11+05:30	ignored			
results/accuracy_v2/predictions/davis_cold_target_deepdta_seed1.csv.gz	20b708245c460cc84cc5a7b00f8a4c3aecaa8370954ae3d160d76378ffed8856	e447d6a5297d70397109a032877d63ea	68048	2026-09-24T09:44:32+05:30	ignored			
results/accuracy_v2/predictions/davis_cold_target_deepdta_seed1.meta.json	9424cb1a71261e0212f78dafaa6593a96bae77ee1427c12fd735c1826a16355b	d82295fc82885b6e2ed56295799caafa	615	2026-09-24T09:44:32+05:30	ignored			
results/accuracy_v2/predictions/davis_cold_target_deepdta_seed2.csv.gz	9b3366e9de8b7d7166822fd7027ec24fef77b6a5fbd546d0eb99649b875f1cb4	0b67cf9ca020eb85315bd9cbdc40fbe2	68297	2026-09-24T09:44:35+05:30	ignored			
results/accuracy_v2/predictions/davis_cold_target_deepdta_seed2.meta.json	629853cdaf594fb390fb687faa9870ce0e5c586e14ee2e0f5a7741392b935266	83f51a241e6e454eaf754eda34eed6f9	615	2026-09-24T09:44:35+05:30	ignored			
results/accuracy_v2/predictions/davis_cold_target_deepdta_seed3.csv.gz	26fb8724c09061f4d070f9f098eb492a0ec90384eb478a1e0093527b8e0baad3	26731ddaffe88f21e50f1d14e275c0f5	68297	2026-09-24T09:44:38+05:30	ignored			
results/accuracy_v2/predictions/davis_cold_target_deepdta_seed3.meta.json	31f3580ebf0c316607e100c8b1b6c1199004872ec4e089045c723736e57f4598	3757542784294ed7bc30b79b74d61052	615	2026-09-24T09:44:38+05:30	ignored			
results/accuracy_v2/predictions/davis_cold_target_hyperattentiondti_seed1.csv.gz	149b45217b99c64f2f9551b4c2f50ab199507afe032cfd41a3388e8ba370336e	4afc1c1009475f5ae80662b316d216a5	68323	2026-09-24T14:38:00+05:30	ignored			
results/accuracy_v2/predictions/davis_cold_target_hyperattentiondti_seed1.meta.json	623d0add2d8dbcb5aebbfd77915d279b5884293f7aeb4b4815401ea7f85a74d7	1de9c53f87ca8919c2938ee5dfc0aca2	644	2026-09-24T14:38:00+05:30	ignored			
results/accuracy_v2/predictions/davis_cold_target_hyperattentiondti_seed2.csv.gz	3983594e4a9307b83d1595413f2906a3f861812a8278e098139c67cf48058dc0	a7169b45093e350b63828b93ae3baa01	68571	2026-09-24T14:40:33+05:30	ignored			
results/accuracy_v2/predictions/davis_cold_target_hyperattentiondti_seed2.meta.json	1643dabf6c67c9f76be579803cb5263c04ddf7f5723cb1bc05a414e81f9a078f	a52970c413bbc78f9152312ae9d336be	644	2026-09-24T14:40:33+05:30	ignored			
results/accuracy_v2/predictions/davis_cold_target_hyperattentiondti_seed3.csv.gz	adcb9e45402962e8750afef589c58f6447c96eea6b259210472bc10492683d95	9add510b3514b96dcc15940338af363b	68319	2026-09-24T14:43:08+05:30	ignored			
results/accuracy_v2/predictions/davis_cold_target_hyperattentiondti_seed3.meta.json	f41f957547faa2f92479cd8ded2501fe9a1a137ff71bd9deac31a415568ecce7	c36563b8f47ce186ef757f4ed80c9604	645	2026-09-24T14:43:08+05:30	ignored			
results/accuracy_v2/predictions/davis_cold_target_moltrans_seed1.csv.gz	8671cb4ac594c89dcd1e3d0e586a7890e30c83d60c65f3eb24ed12a9ee737c3a	2ba55f17f35ad520109e4c76a5b9aef0	68938	2026-09-24T15:05:26+05:30	ignored			
results/accuracy_v2/predictions/davis_cold_target_moltrans_seed1.meta.json	f1f31667172632a7f757c08be7fb9fc7641d0cf630a4ee3373bb864fa8988efc	a7157dd2dd9e908406afd7a7cdc2025c	617	2026-09-24T15:05:26+05:30	ignored			
results/accuracy_v2/predictions/davis_cold_target_moltrans_seed2.csv.gz	9dc88e7af6a6d0c2d99c0f04368497034151267dd2c6c4c28e8b5609c485ba93	96c3e249b8ef5a973cd75a66e81d7085	69133	2026-09-24T15:07:59+05:30	ignored			
results/accuracy_v2/predictions/davis_cold_target_moltrans_seed2.meta.json	a5900844959ce9825ee3489af66cd6cddf8d111ee7e764fefd2f67fef06ea315	4fede9b8a83dfd30e9cbb2bb6265060f	618	2026-09-24T15:08:00+05:30	ignored			
results/accuracy_v2/predictions/davis_cold_target_moltrans_seed3.csv.gz	57e1f377180aae2384cdb2dea5ac48e652e2b016b35e7120cff7f080bd429bb9	68ac01af8ffd9aede8ea902acf4b5994	69108	2026-09-24T15:10:33+05:30	ignored			
results/accuracy_v2/predictions/davis_cold_target_moltrans_seed3.meta.json	faf53f3cf48187ccc12e6f7e870eeac04683abe36b0db16c678f64a532fe83bd	db8bc3680e0c1cafbd013e7c1db8d679	618	2026-09-24T15:10:33+05:30	ignored			
results/accuracy_v2/predictions/davis_random_coldsite_dti_seed1.csv.gz	eafd34071a87c120945fd62728a56d8a2a1b18272cf77c1e9e28d3db601838d2	d2f7491580d8b47f8c4560594b8a4cbf	79161	2026-09-24T11:10:45+05:30	ignored			
results/accuracy_v2/predictions/davis_random_coldsite_dti_seed1.meta.json	7af96924a654de3696fe7cfc040ffd001c2188f0467eff9f85ee01ccf2c89626	d263822400534dea5f38ff129c01c714	602	2026-09-24T11:10:45+05:30	ignored			
results/accuracy_v2/predictions/davis_random_coldsite_dti_seed2.csv.gz	220914366368ef92d4a428a06e4bd076a2f50888e94b43c1602a4cb1a842d565	d986f3250dcc0dc667bd86ded540a5e1	79160	2026-09-24T11:55:21+05:30	ignored			
results/accuracy_v2/predictions/davis_random_coldsite_dti_seed2.meta.json	bef3e64651cc0f93d9de02ca6fc90d5d30af2f699b68618ed41b69840b287361	62a54db0ffc67116310fb7a708bca546	601	2026-09-24T11:55:21+05:30	ignored			
results/accuracy_v2/predictions/davis_random_coldsite_dti_seed3.csv.gz	576447445e9d7e59449e84472acd6830a2c806a27800854b8895e457ae6f1f0a	3e6fc58435fce3891bb4841373054d42	79184	2026-09-24T12:57:41+05:30	ignored			
results/accuracy_v2/predictions/davis_random_coldsite_dti_seed3.meta.json	4d050f6d3d1c9de640b691ecf2904480d76f2ce46351f0c2669253de97df4a6f	e5569ea9a9920f69fa9bc8007ce715e3	602	2026-09-24T12:57:41+05:30	ignored			
results/accuracy_v2/predictions/davis_random_deepdta_seed1.csv.gz	085bce5c2bbc82597916c49d2170079f63bcf7ca91ce4e877bc9d3ae3a06ada7	8705fede9f71d1e35dafd2b6fd9bceab	79153	2026-09-24T09:44:16+05:30	ignored			
results/accuracy_v2/predictions/davis_random_deepdta_seed1.meta.json	184651b35d19521c3ed44c31c6df1853132cd11aa483cd0c2490984759b5dca6	3cb1fc1282c7df3776422c030aac264e	600	2026-09-24T09:44:16+05:30	ignored			
results/accuracy_v2/predictions/davis_random_deepdta_seed2.csv.gz	d56d79bd713a4a5dfc7d514bf26f1cecf99fa17a5268c837161ac99c8cf121d1	12ae74d74952c32c97ed311ccf4169aa	79188	2026-09-24T09:44:19+05:30	ignored			
results/accuracy_v2/predictions/davis_random_deepdta_seed2.meta.json	6afe2ba3b729d6c6e0556b790659891fd43bf24fd38eb72b2a5bfa80ff127fae	b83a9a1d4c7914b00986e9cb47140eb8	600	2026-09-24T09:44:19+05:30	ignored			
results/accuracy_v2/predictions/davis_random_deepdta_seed3.csv.gz	f607bc9b440b656400767fc6a21a0962b9bcab93e2ee592b9a34a3c08addd3ad	eb9a75f48487c7bb4383fa766e4c4f7d	79219	2026-09-24T09:44:21+05:30	ignored			
results/accuracy_v2/predictions/davis_random_deepdta_seed3.meta.json	4c68798a9ece7d151b1d204c0233d822183360bb73dc231a2b49b04cdba38738	c3e5e03fe1c6e9f0ea4fc9cb860ea8c5	600	2026-09-24T09:44:21+05:30	ignored			
results/accuracy_v2/predictions/davis_random_hyperattentiondti_seed1.csv.gz	e875d885c7fc01dcc2a0b8c1f5f46f9e7bd4662174fc9ab3c1998539691b47c2	ae873669b901e775efb74f418f233156	79092	2026-09-24T14:18:46+05:30	ignored			
results/accuracy_v2/predictions/davis_random_hyperattentiondti_seed1.meta.json	61af7d6da6140f8a47b563ff8c81de8691e29dfc9772453c411b1df72c951f4a	4196983fba97adac77088e35310bbf40	630	2026-09-24T14:18:46+05:30	ignored			
results/accuracy_v2/predictions/davis_random_hyperattentiondti_seed2.csv.gz	f2a0a2cc1c9cddfa0f629f50110aa55c7acc3109d06eaadef16c7a3f4d8844cd	84354ca0a71a291e72793c804bd32aa6	78963	2026-09-24T14:22:08+05:30	ignored			
results/accuracy_v2/predictions/davis_random_hyperattentiondti_seed2.meta.json	b564ec49a020aa4f00ce7fc4211b0178d96c1a58325960db7436ef4693ebfe99	d331ea12414b7ede8b784d336b6fa745	629	2026-09-24T14:22:08+05:30	ignored			
results/accuracy_v2/predictions/davis_random_hyperattentiondti_seed3.csv.gz	7368bd7204203cc5871088806c9ce90b47be4c59cc5eb0296bab3ab1b03c51a7	196a06786a8fd45912dc81c0d20959a1	79030	2026-09-24T14:26:05+05:30	ignored			
results/accuracy_v2/predictions/davis_random_hyperattentiondti_seed3.meta.json	9a340f5b72b32bcdbae5846a61e13453991bbfa5d455cf534694878af373ae37	f190056a7957a2d2fe6acd38520d5d96	630	2026-09-24T14:26:05+05:30	ignored			
results/accuracy_v2/predictions/davis_random_moltrans_seed1.csv.gz	f3c700c3245079fa7b89ee022789213ff3adf29bd3434f176d151e0de3a61ac9	a4f89389bf4acc84d8bc8fd868c6035e	79506	2026-09-24T14:50:13+05:30	ignored			
results/accuracy_v2/predictions/davis_random_moltrans_seed1.meta.json	6411a4a60a5095a7dd39a29feec015560d26f74375dd1ec47a65eb7e874a79be	1248c5ef413082db55047caded1b8f22	603	2026-09-24T14:50:13+05:30	ignored			
results/accuracy_v2/predictions/davis_random_moltrans_seed2.csv.gz	aadc07fc6c658b566d5e1e140b9073dab7666395206339fb89fc12cfbce8cfdf	a0544061feb9d74f2b3509c76d0795ac	79266	2026-09-24T14:52:47+05:30	ignored			
results/accuracy_v2/predictions/davis_random_moltrans_seed2.meta.json	f05da6c44eb85e3d218cb9ff1c1e4b19e57b28fdeabbb4106a9ebdf4f30d47a8	763ff16f63cc2302534d5f748908d9cc	603	2026-09-24T14:52:47+05:30	ignored			
results/accuracy_v2/predictions/davis_random_moltrans_seed3.csv.gz	eddab2caf8510144f86e0403cd9187ec0f56dfdb14aa81962ad432632001e4db	566f4e374088ffd76482aea8b35cdd2e	79203	2026-09-24T14:55:26+05:30	ignored			
results/accuracy_v2/predictions/davis_random_moltrans_seed3.meta.json	f6149fe48e40d6a77ed5b137d9ebb3250f654788277a9d4d7d6a5309f946374c	6f181b7ad770cca5aa6cb0adf4adf721	603	2026-09-24T14:55:26+05:30	ignored			
results/accuracy_v2/predictions/kiba_cold_drug_coldsite_dti_seed1.csv.gz	4bbcc241031598853c208fe2b00fb959db6c2fcab90d966b6bbf9ebe0a84a940	60095fbbb3afba819e5fcbe5e4f7e7fa	264077	2026-09-24T17:25:28+05:30	ignored			
results/accuracy_v2/predictions/kiba_cold_drug_coldsite_dti_seed1.meta.json	2ebf8fb35b644d0264d30088c5ece9480eaa0862cd6cb728643a16dab522eb7e	7f964d5b29d41940ce990fde24328a91	610	2026-09-24T17:25:28+05:30	ignored			
results/accuracy_v2/predictions/kiba_cold_drug_coldsite_dti_seed2.csv.gz	22fc6cfc721648e6b233722abed2e7a70f5918b34be885ca76dbbe16da78d1df	2b81070cd11812b43649a92aa8a67399	264263	2026-09-24T17:32:34+05:30	ignored			
results/accuracy_v2/predictions/kiba_cold_drug_coldsite_dti_seed2.meta.json	a9127f9dabca2af8949ecb7b89b5606ff08eb50421b71dab8a2cd68f296b5c62	29a0f58e9e1cd05f2b168f76432d4cd7	610	2026-09-24T17:32:34+05:30	ignored			
results/accuracy_v2/predictions/kiba_cold_drug_coldsite_dti_seed3.csv.gz	c88a2f7c9cd7a82633afede9626f068511df138851ead91bbe34c9f000a9ae04	314ba106bf33176c8dc866f481644589	263578	2026-09-24T17:40:08+05:30	ignored			
results/accuracy_v2/predictions/kiba_cold_drug_coldsite_dti_seed3.meta.json	f464b5b9a012d45814f3f5294d928e7363a665665770ea7ffdf9a323c9b44c27	7b7fc1404cfc061bdb36a95f639bb77a	609	2026-09-24T17:40:08+05:30	ignored			
results/accuracy_v2/predictions/kiba_cold_drug_deepdta_seed1.csv.gz	e108a6e4eaf07470b1ea1b304162a90a09591c4835f1d2b012010df1c2cc073f	ccb03d623df1150981d34d90a0b81f4d	266530	2026-09-24T09:45:19+05:30	ignored			
results/accuracy_v2/predictions/kiba_cold_drug_deepdta_seed1.meta.json	a9237b80a5889802e067837821c73f3075f90f41b9a72fd3683ab5a1f4f743ae	2449ee32c6a1bef550762c40bcad6af3	607	2026-09-24T09:45:19+05:30	ignored			
results/accuracy_v2/predictions/kiba_cold_drug_deepdta_seed2.csv.gz	2b2cfae90fb8f64a41a0698caa418ed3b576fc95ec909cc02d662021eb4749ad	ba748bb08afcc9e87d82a0d333b95b25	265623	2026-09-24T09:45:29+05:30	ignored			
results/accuracy_v2/predictions/kiba_cold_drug_deepdta_seed2.meta.json	32531c188f9b00d73960f26d72a94e431d3656593db3fc7e838358558261f0b5	75d30e2cf303eec765d105708ed8e667	608	2026-09-24T09:45:29+05:30	ignored			
results/accuracy_v2/predictions/kiba_cold_drug_deepdta_seed3.csv.gz	0e0310888bbb66223e6d4cee75077c6511ac113f8da6a3322c466ae884fdd389	b21f639f1cfa3370ce727e38d7a3dbc9	267706	2026-09-24T09:45:38+05:30	ignored			
results/accuracy_v2/predictions/kiba_cold_drug_deepdta_seed3.meta.json	1a247814688a45adb03f0cc9b2a972859c05c86cd68eb80efbc798bf0b491110	47ab2914f62cc588f9e2a7c1fa7bcda0	607	2026-09-24T09:45:38+05:30	ignored			
results/accuracy_v2/predictions/kiba_cold_drug_hyperattentiondti_seed1.csv.gz	920880b41969c4833e7d238d4023fe4a632baea0ed326c9b792511b9b4a1543f	cb333048c74aeb4b5ee099d3e4efbb78	266680	2026-09-24T18:12:08+05:30	ignored			
results/accuracy_v2/predictions/kiba_cold_drug_hyperattentiondti_seed1.meta.json	c747ba1a6a2ca58932c90a5b810d036e0ef2947f4cf2694a07937b383a009fa2	d8a8286ba37a73712c81a16e0331624b	638	2026-09-24T18:12:08+05:30	ignored			
results/accuracy_v2/predictions/kiba_cold_drug_hyperattentiondti_seed2.csv.gz	2c11722c395c386f5b4e0f8c962deb55ac58488385937c2fdd75e646209e2de6	7c053c22cf463aead92983ffee144cfd	266009	2026-09-24T18:22:33+05:30	ignored			
results/accuracy_v2/predictions/kiba_cold_drug_hyperattentiondti_seed2.meta.json	e83c9628a7a5e44326cab379f762d1ccbf37b90ffe2171685c9b00527945ecb9	d7658f95b83f9100eb7fedd534781986	638	2026-09-24T18:22:33+05:30	ignored			
results/accuracy_v2/predictions/kiba_cold_drug_hyperattentiondti_seed3.csv.gz	12485c7cf28039ff724e67f574a004867ffb5601aa9b9e26251f22fdc421eb47	9ce8fd1d93ce3694c73c5b1b41844ea3	266073	2026-09-24T18:33:00+05:30	ignored			
results/accuracy_v2/predictions/kiba_cold_drug_hyperattentiondti_seed3.meta.json	d46b95d6cf48453b8101d6cbab11d574f6247ed72ee2fc058239ed0700b6a753	3a6e3ea4f770873d413880cd53568b65	637	2026-09-24T18:33:00+05:30	ignored			
results/accuracy_v2/predictions/kiba_cold_drug_moltrans_seed1.csv.gz	ec4b0a660a9a4ea2b824cb3d4e29244890f660a9f513ace4d4fda17b5bf7beab	5ea8e23e3469aae885d47021d0c46d0a	266620	2026-09-24T20:40:48+05:30	ignored			
results/accuracy_v2/predictions/kiba_cold_drug_moltrans_seed1.meta.json	f03c7b4503a28e9e224c6c76a39a8811457299275b57c77024ef85f7f948e30a	59068d01c764d9be4fb8d54e24ba3d02	611	2026-09-24T20:40:48+05:30	ignored			
results/accuracy_v2/predictions/kiba_cold_drug_moltrans_seed2.csv.gz	3c3d6345d23a2ce94130175c0bafc6448d72c9a12398e8469839232db7b947a7	938c2577a2ce9eed2c5653d9dfb0f262	265908	2026-09-24T21:20:35+05:30	ignored			
results/accuracy_v2/predictions/kiba_cold_drug_moltrans_seed2.meta.json	15e6819ba3fe15cee62174475ba6fa84ba79f20004dd33157033cdd2cf0e7f64	0cbbe12f30875fc5cfe3698b0f60194a	611	2026-09-24T21:20:36+05:30	ignored			
results/accuracy_v2/predictions/kiba_cold_drug_moltrans_seed3.csv.gz	90c3937402e783f2eb447a48f1c2f51d99daf0efec3a62c0eaeeed02b8ebb15b	ddf2063926c1e079f38d6e35fc8e6699	265824	2026-09-24T23:56:19+05:30	ignored			
results/accuracy_v2/predictions/kiba_cold_drug_moltrans_seed3.meta.json	61a82ab277a001668043af26080a89bb0bf1a376175064b2766eb20f56d27f6f	b4be17ec3b20aba304d3ebeb41af2f8f	611	2026-09-24T23:56:19+05:30	ignored			
results/accuracy_v2/predictions/kiba_random_coldsite_dti_seed1.csv.gz	647f53be62a13a0fa8b0f30a99f085333645c2928f268e200757d3b6ab2914b4	38b3ad01033dd739809f719a8ee9cf84	335630	2026-09-24T17:03:46+05:30	ignored			
results/accuracy_v2/predictions/kiba_random_coldsite_dti_seed1.meta.json	56581b6f53ec03ee0ff425d9e7d86cab18c0101356f0e794f233a2be8304ce90	2252c37ef84fc650d0b32fb73a6b69b6	600	2026-09-24T17:03:46+05:30	ignored			
results/accuracy_v2/predictions/kiba_random_coldsite_dti_seed2.csv.gz	3e5dfe9c7c9488cb3dd8297c41a45fd14fd53e3cd6ead6037bfa2b9f2f26a0b8	37cf9c1250d067e896c8596a36cf473b	337102	2026-09-24T17:11:05+05:30	ignored			
results/accuracy_v2/predictions/kiba_random_coldsite_dti_seed2.meta.json	ac2f07c9d3fe6581048f2d60f8055f4af2b1bd94132480e8897ae905c1423f7b	cce03701a7e61402cf60139c8f5b073e	601	2026-09-24T17:11:05+05:30	ignored			
results/accuracy_v2/predictions/kiba_random_coldsite_dti_seed3.csv.gz	9519361d7fc707e662b1ae65f7625570ef356ba1422b2da6d795c3e931b987b0	866cb12701b1085e0f691d7782e573c3	336591	2026-09-24T17:18:27+05:30	ignored			
results/accuracy_v2/predictions/kiba_random_coldsite_dti_seed3.meta.json	1930d69fb01b74d185d1e3312e36593ed7d361d5bc1d3246b3175c652e65a9ac	7fa98054c6cc674170c33bb061ff8c46	601	2026-09-24T17:18:27+05:30	ignored			
results/accuracy_v2/predictions/kiba_random_deepdta_seed1.csv.gz	e770af5bc28bace5dac96eade37f4936cf6ad8e5aa39c917004d568315413f6e	082b1cee0806888e8f9e6787cf3a25cf	337195	2026-09-24T09:44:50+05:30	ignored			
results/accuracy_v2/predictions/kiba_random_deepdta_seed1.meta.json	beb11fedbcb1657c5976c99e966ecd638640cd838c2a5bc9ce81b4b5fd48af43	ff66ce3ebc50fd1671271f0193e2885a	599	2026-09-24T09:44:50+05:30	ignored			
results/accuracy_v2/predictions/kiba_random_deepdta_seed2.csv.gz	b3d8357d2d72639f512f609fe295a8bc0dc7716787f4ec7ff9ca0918d65e3b3f	0528417b94d35c96446342b921e72714	337734	2026-09-24T09:45:00+05:30	ignored			
results/accuracy_v2/predictions/kiba_random_deepdta_seed2.meta.json	a1630ee54effc60088a602100ef548e6667d4072fd12d6f9ab3407df4500f3eb	e0d3d98ae692551bda22eb15569d74d5	599	2026-09-24T09:45:01+05:30	ignored			
results/accuracy_v2/predictions/kiba_random_deepdta_seed3.csv.gz	516d2b6a3b848bb521d3abbcd47a84ffdcae10b863ec0ba97e84a02975744cd3	6b3640ff2e83047eea7acda8a6409fb0	337966	2026-09-24T09:45:10+05:30	ignored			
results/accuracy_v2/predictions/kiba_random_deepdta_seed3.meta.json	ff570535cbe02408bbf6e6410e02fef6cc6d5e4a79abf6267e9e13d2f62585d7	6911a6b7a266d374f5542673626f3ad3	599	2026-09-24T09:45:10+05:30	ignored			
results/accuracy_v2/predictions/kiba_random_hyperattentiondti_seed1.csv.gz	7bd18423382970d35eeebfb1bce1ff73113e65975fd51bc917af41e9a378fd92	f18eba4a68e9e6f157fdb45dccc6bab4	338190	2026-09-24T17:46:36+05:30	ignored			
results/accuracy_v2/predictions/kiba_random_hyperattentiondti_seed1.meta.json	d5d1c3ec26e42fa0052c206b4a4279f736e357b85d586f690b510009d6ac3414	d1a2c22ee025a5c4ad9641c59a96656e	629	2026-09-24T17:46:36+05:30	ignored			
results/accuracy_v2/predictions/kiba_random_hyperattentiondti_seed2.csv.gz	a5b4b4e3cc2da39b21a0139ee4b2f57a49c072b2586fc4505ec8a3c8a98a3c3e	044403f7c8a3858c0f70291c1de7cf7e	337911	2026-09-24T17:52:57+05:30	ignored			
results/accuracy_v2/predictions/kiba_random_hyperattentiondti_seed2.meta.json	540297e08f423043e2388897669791bc961ac9eb378c95ee1395c9478502fd8b	3f85bb82803ceee8377bde0a64ac395a	629	2026-09-24T17:52:57+05:30	ignored			
results/accuracy_v2/predictions/kiba_random_hyperattentiondti_seed3.csv.gz	37e20251087a67de78f3b99815efe0512e3a7bb52cc5ae473cd8e17200f06a16	747ad37f63d12259e422681f27ae7173	337874	2026-09-24T18:01:57+05:30	ignored			
results/accuracy_v2/predictions/kiba_random_hyperattentiondti_seed3.meta.json	df4fdc883a77bf851e298641f2c749b64d318a87c7f24a0f12019c718ddf5404	7d7ccb76297ef85b23a2f9c71932b26b	629	2026-09-24T18:01:57+05:30	ignored			
results/accuracy_v2/predictions/kiba_random_moltrans_seed1.csv.gz	d117cbb8752050a5630061ea3fc012ffa9efcc75cdb4ec71d79781d0d9c540c2	29e8d34e3a093c2344c857841ac1f046	336706	2026-09-24T19:15:00+05:30	ignored			
results/accuracy_v2/predictions/kiba_random_moltrans_seed1.meta.json	237ae936bc144889ca6d52659b658eb5b2009ed565450806d6c59e9b0745873d	b4386d20be9f7812671d460805ecdb85	602	2026-09-24T19:15:00+05:30	ignored			
results/accuracy_v2/predictions/kiba_random_moltrans_seed2.csv.gz	43cb264e3c94f553421d2a5610b7ebfde5c40f48277b6305650095bdbddd551a	558b20cfa3667f73751903fd79ec0ffe	337364	2026-09-24T19:35:35+05:30	ignored			
results/accuracy_v2/predictions/kiba_random_moltrans_seed2.meta.json	29c86728c1c2e686b67356c7fed09a0f3e659230fead9f795ea7305b59566601	0d4180bd3cf769b31f603726991cc00f	601	2026-09-24T19:35:35+05:30	ignored			
results/accuracy_v2/predictions/kiba_random_moltrans_seed3.csv.gz	f13b64a2ca263f779c0a0b152dc420e9a5b9dabf2d6c955e5e1c2d6889b32542	f4233485cc0faf091394e2bc04d4c7fa	336793	2026-09-24T20:11:02+05:30	ignored			
results/accuracy_v2/predictions/kiba_random_moltrans_seed3.meta.json	c2f5c59e6941756168c107ac3e3ac839b08dcda7f9760b80e359ababfcc70493	2056e12a9e7283012454eec7b72a76d3	602	2026-09-24T20:11:02+05:30	ignored			
results/accuracy_v2/predictions_manifest.csv	3d48047b0977043b832f5e2dd0a76a1085756f7d7f87acc5455d7822971f24b6	d5be50de3318862a766fc6beb82015b9	21621	2026-09-24T23:56:42+05:30	tracked-clean	2026-09-25T00:01:45+05:30		
results/accuracy_v2/predictions_manifest_davis.csv	7791e7541fd5e6527155bc24f2576fe2c80cf7f8002f1bfc5591215289789cb5	3f2418623f6a5bfdb9e0bfecf947b8f4	15183	2026-09-24T15:12:27+05:30	tracked-clean	2026-09-24T15:13:23+05:30		
results/accuracy_v2/predictions_manifest_kiba.csv	011aac0292fcd09a3bacdf671e5bbb94fdc2a98f6e571bf1987c19abd16aa11d	324a79cdd444a20854770237bcb009c8	6531	2026-09-24T23:56:40+05:30	tracked-clean	2026-09-25T00:01:45+05:30		
results/amp_validation_davis.md	db8129c68fcc66ce2881156a0415e51d5ac76a87b41e9b58e45dfd114004692c	39e9e9c6c05abea98223fc64e5158084	2426	2026-09-13T20:41:37+05:30	tracked-clean	2026-09-13T20:41:37+05:30		
results/analysis_davis_klifs/ladder_davis_seed1.json	53be518a24ae3f65e3f6a6b5c17b437563b91ef5d3a22e64a70ab1b7143a29a5	d33b8c2744522e05821f750e137f405d	4431	2026-09-13T08:09:39+05:30	ignored			
results/analysis_davis_klifs/ladder_davis_seed1.md	72a87e102ea2dc1d003077d48f216a808bc5506c5489973ff90449c91dc44caa	17956ed0fde1bcc22d6a6f7882ac7fea	463	2026-09-13T08:09:39+05:30	ignored			
results/analysis_davis_klifs/ladder_davis_seed2.json	a0374dab2c2970a13079805d300bc8ad73015348ceea67b6a74fecbbda4871cb	500e53cedb032a3c3e5262c92bc2cdd1	4460	2026-09-13T08:34:15+05:30	ignored			
results/analysis_davis_klifs/ladder_davis_seed2.md	f0bdf430a8b771a4b2ed540a9851bef9252828d584dfd80a3f08f917653a4a8c	9637a468027ec3a0ba7323415dc6846d	463	2026-09-13T08:34:15+05:30	ignored			
results/analysis_davis_klifs/ladder_davis_seed3.json	d1cffc8175fdd18c043531750084aa5686c02dd42f871f0aa5460ec2407d9135	a5f4f341c4af0512fd591d5575530e45	4468	2026-09-13T09:00:52+05:30	ignored			
results/analysis_davis_klifs/ladder_davis_seed3.md	508f0c25ee26e299da9446e64da8adc5c12c3f12eff6cf311de9dc38f50de082	06a55f3f197486c34abec42116e1b18a	463	2026-09-13T09:00:52+05:30	ignored			
results/analysis_davis_partial/accuracy_davis_seed1.json	a8fa97970babcbd12c5628dbdf2a8102a8b56f2b78a16a52a385f3919c846099	96eb221665af9bfe10f24e7f4667b0ef	141	2026-09-13T02:22:24+05:30	ignored			
results/analysis_davis_partial/accuracy_davis_seed2.json	f70fb67d74c695e1ba790661f5d5ff1c5a885ad8de30b59f484234ec14fdb134	161f7800f9609c6153413e2d95fbba57	141	2026-09-13T02:33:01+05:30	ignored			
results/analysis_davis_partial/accuracy_davis_seed3.json	3d1d4a97596f2e613c80e61a758cda8d52c7a80c58ad5fd9a703af9f6c74bebc	d354c4d1b0a9a175087fcc771ba123c5	141	2026-09-13T02:42:47+05:30	ignored			
results/analysis_davis_partial/control_coldsite_dti_davis_seed1.json	44c76ef25f68c752dc54b477f6affee1613e42eedc74c00c2d72791f21bbb1d3	77cf599cb8d19074bb4f93ef8bb1ab97	3199	2026-09-13T03:30:11+05:30	ignored			
results/analysis_davis_partial/control_coldsite_dti_davis_seed1.md	5f7784fc9f8749d3e4bfe3e29f8cf24bc1c431132603df41b81fb1b47c68b942	2473a949fb9407ead7defa3e51b35e0e	837	2026-09-13T03:30:11+05:30	ignored			
results/analysis_davis_partial/control_coldsite_dti_davis_seed1_noions.json	9742980a8935333a8f1ee6e73a1590a9f4bc661ceb6be5b9130eaec3405c7034	a8c3e8d9579b5d835796569578203d5c	3258	2026-09-13T03:29:40+05:30	ignored			
results/analysis_davis_partial/control_coldsite_dti_davis_seed1_noions.md	86d3a156da21d8547f7124d3d17547b319dda306aa108bcfde681fe5cbb1a8d3	85a74065f4b1af60bf9a03456dd0b364	837	2026-09-13T03:29:40+05:30	ignored			
results/analysis_davis_partial/control_coldsite_dti_davis_seed2.json	3388dc11a0cca907b0e30444037990d0dc84053401d287a7b693ddb12c048220	9b1b5efa54554458b2a8bf36edbbebcc	3097	2026-09-13T03:31:19+05:30	ignored			
results/analysis_davis_partial/control_coldsite_dti_davis_seed2.md	cd9035cb5d19aa4e21dc27759af5f126afa87a7bdaf962e8a3e7ea8aa3c34273	c5e34e4d909f79b2368187398b1701ef	839	2026-09-13T03:31:19+05:30	ignored			
results/analysis_davis_partial/control_coldsite_dti_davis_seed2_noions.json	9d00acaee4294adbcabf788ea69a40b607c61a70d552fcefebaa8f4595f7c064	5444d7cfee4e0052e751e6d17f437a81	3188	2026-09-13T03:30:45+05:30	ignored			
results/analysis_davis_partial/control_coldsite_dti_davis_seed2_noions.md	ba1fa2719d0d0baddcff5ad4c2989edf15041477854b671721482fa5d7817411	7725418944e14e2f7d6da59415673c71	839	2026-09-13T03:30:45+05:30	ignored			
results/analysis_davis_partial/control_coldsite_dti_davis_seed3.json	800fdfb405933fdd8f415eec7e382fe824429886117febae37dac101d289ed93	3331ae3c78eb50f3b69689edc9724b5f	3164	2026-09-13T03:32:30+05:30	ignored			
results/analysis_davis_partial/control_coldsite_dti_davis_seed3.md	ca2ee17099637d9f9a23234922b7efbcc6e20cbcdc60e4f3b4e980745eb48ff7	f0a46db8642f0b1197191c73a4026e91	839	2026-09-13T03:32:30+05:30	ignored			
results/analysis_davis_partial/control_coldsite_dti_davis_seed3_noions.json	8a1bde14658ed40559651119467179bf832ded1d0b830c2dedd52a51f95f8aa0	2209f3ecb623779428670f0bb0b57913	3241	2026-09-13T03:31:55+05:30	ignored			
results/analysis_davis_partial/control_coldsite_dti_davis_seed3_noions.md	19a131ad6a1d10b5dcbcbe7d11169bef722c402f5ee5c16f23ba9749eec167ed	61a91dc83b96e476970aeae97da92624	838	2026-09-13T03:31:55+05:30	ignored			
results/analysis_davis_partial/faithfulness_davis_seed1.json	c606697416395b011d7d29d3f7d0c094c9c4981f2fcae6091910e168489c8cd7	ebf86f948d435e1fefe6841d1e841f9f	2205	2026-09-13T02:22:22+05:30	ignored			
results/analysis_davis_partial/faithfulness_davis_seed1.md	1d7cc73774565bc23565eda9e485101a8fa431b9a531471bde1719108dde99f6	85d373a0901d5a769fd016e3876ad58b	904	2026-09-13T02:22:22+05:30	ignored			
results/analysis_davis_partial/faithfulness_davis_seed1.png	00b78f08c90f46c7da0c9227b4c02991c19d6f619737052eca3671e8fdfd76b1	a96900efffdbc02dc3b6b1ee0c1443ae	75036	2026-09-13T02:22:24+05:30	ignored			
results/analysis_davis_partial/faithfulness_davis_seed2.json	480f7955b276c91f71ee2ba4718cc02a7308eb2e0a8319b2f070d196c336f1f6	71cdb9fb6aa2194098d61f7b379fb8f3	2198	2026-09-13T02:33:01+05:30	ignored			
results/analysis_davis_partial/faithfulness_davis_seed2.md	928b8924f403eff30a9fc8f2507691829e8f40dc40b2589f3df69481f3de02fc	2f4d5bb7cf76cfe556828e52291244b1	904	2026-09-13T02:33:01+05:30	ignored			
results/analysis_davis_partial/faithfulness_davis_seed2.png	e33d3175259cdd5fcfb2a6029eb04ea13c71aba4c0396dfc58de065ad19d5b74	4dfc33c6fa69e04642c54721ce094c88	67559	2026-09-13T02:33:01+05:30	ignored			
results/analysis_davis_partial/faithfulness_davis_seed3.json	d7a8dbd44b192ea99bc0ad6c0b1f1c58de2d3146f6ad6599d6bdb07aa173c406	27817bdefd0479ecc4e6b9ecb3456831	2204	2026-09-13T02:42:46+05:30	ignored			
results/analysis_davis_partial/faithfulness_davis_seed3.md	3c89e5644d7c04b3da0078ffed64f66fffa83651f6af92d68c769433210c7a9b	c4a2fd626dcab7c16149bba2bf9d073a	904	2026-09-13T02:42:46+05:30	ignored			
results/analysis_davis_partial/faithfulness_davis_seed3.png	6614005afda07e4d8266ae734750b3c26561f535727a29d52fb400f7de8a756a	1ab0501b8417776f817abfc16a5f389f	69804	2026-09-13T02:42:47+05:30	ignored			
results/analysis_davis_partial/headline_davis_seed1.png	2a3630d8c7848a0915eb17ee7bc4c9b1f45b86c1e4a34c05c17117e83f99ac24	0b580ce07fdc9e58cf24c1ba44eff85e	162706	2026-09-13T02:59:03+05:30	ignored			
results/analysis_davis_partial/headline_davis_seed2.png	c22a7e2539dcedbf539bd47be89224be18a46d904d9c6feefdbf49b010dc6c7a	5bcf95e29fd3124a11958a9e3bbef7f2	174017	2026-09-13T03:13:44+05:30	ignored			
results/analysis_davis_partial/headline_davis_seed3.png	1cfa94619723c0c8c943ecc6eba9decc62713a89e914985ce008f25a4ba87d4e	898ea7f9c2b72015e3fffa8a49a1378a	179168	2026-09-13T03:28:49+05:30	ignored			
results/analysis_davis_partial/ladder_davis_seed1.json	5695db5a35e30a8fafb2b57feb829095055aade5b41b9153cb70fb23ab405bdd	477b1f63af3ff14496da9480f0fa5747	4603	2026-09-13T02:59:02+05:30	ignored			
results/analysis_davis_partial/ladder_davis_seed1.md	bf0d1b08fd5c70a9f3016f204586b1cfe522efb38b8b007ab67deaacfb4d54b7	27a1123518a191d13340a8d3cb784057	460	2026-09-13T02:59:02+05:30	ignored			
results/analysis_davis_partial/ladder_davis_seed2.json	45c0c1a041e89e6ae6b0c36c43da9bf08cf1484a7db2613fa23792c219f64dc0	ad0981b3b58cafa5837af7af18d77ba1	4532	2026-09-13T03:13:43+05:30	ignored			
results/analysis_davis_partial/ladder_davis_seed2.md	ce131b68531061edc7d29b49f5571dfbc419e1846386b4c45a5a7b8515be27bd	6984750e92ff8ff86294dc8973ee4cdf	460	2026-09-13T03:13:43+05:30	ignored			
results/analysis_davis_partial/ladder_davis_seed3.json	17703b49d9c653feea55edbdeceb03cf029ebac6be7b04141e02fde63cf92370	d9c2c032277059d9d8e18b775819692c	4528	2026-09-13T03:28:48+05:30	ignored			
results/analysis_davis_partial/ladder_davis_seed3.md	4c92c67779f68141ad252c0c6e22436b50c9a86ce7e7fc6bfddaa329ec549f51	051818683d009268efc6750d7df9e4db	459	2026-09-13T03:28:48+05:30	ignored			
results/analysis_davis_partial/positive_compare.log	665ea410b8606c352303582808cc71efa94362de3a61e84a8f9cee645deb238b	e458f849466111d0168ee01f92a0b472	4197	2026-09-13T03:34:21+05:30	ignored			
results/analysis_davis_partial/positive_control_davis.json	2cc76170feb48b06a7a4607ef8f039258e32d8afc642338b1df5884bce2af17c	78c6553f119d3db791afa5e7b6869840	28447	2026-09-13T03:34:21+05:30	ignored			
results/analysis_davis_partial/positive_control_davis.md	737a18d964b484737152e9fa3314c37cd2151ab0fe39c6226d8a4b8dfcf1937c	9aa08b42ef4f29adfda817d0339abd07	3896	2026-09-13T03:34:21+05:30	ignored			
results/analysis_davis_partial/run_all.log	86846853101cb87e56fc01c986a72892c1048dc34860561f73e540c97823bd11	73c02fd148ac735ab5057f5a162efc3c	20856	2026-09-13T03:32:30+05:30	ignored			
results/analysis_davis_policyA/accuracy_davis_seed1.json	a8fa97970babcbd12c5628dbdf2a8102a8b56f2b78a16a52a385f3919c846099	96eb221665af9bfe10f24e7f4667b0ef	141	2026-09-13T12:42:51+05:30	ignored			
results/analysis_davis_policyA/accuracy_davis_seed2.json	f70fb67d74c695e1ba790661f5d5ff1c5a885ad8de30b59f484234ec14fdb134	161f7800f9609c6153413e2d95fbba57	141	2026-09-13T13:02:24+05:30	ignored			
results/analysis_davis_policyA/accuracy_davis_seed3.json	3d1d4a97596f2e613c80e61a758cda8d52c7a80c58ad5fd9a703af9f6c74bebc	d354c4d1b0a9a175087fcc771ba123c5	141	2026-09-13T13:20:32+05:30	ignored			
results/analysis_davis_policyA/accuracy_drugban_davis_seed1.json	f731df437ceb91f04f2796bb99312a174fb176b44b9e1133e1263f5dc77fe5c1	a66b8854e304658228e156d70e1e14cd	139	2026-09-19T16:42:27+05:30	ignored			
results/analysis_davis_policyA/accuracy_drugban_davis_seed2.json	efc1e610b52b7480a81d36be95790787970850f3ed4bafc6a032929e98fb1b76	e1371b4f713721578a93f3f0f96f689a	141	2026-09-19T16:57:11+05:30	ignored			
results/analysis_davis_policyA/accuracy_drugban_davis_seed3.json	1f583560a341edbde46e04dc50a0cbf031b5bb6a9496f0536f189553fe686432	aa08f4c08a6d5a93a6f5bf367c9b2298	141	2026-09-19T17:09:05+05:30	ignored			
results/analysis_davis_policyA/accuracy_hyperattentiondti_davis_seed1.json	a30dac4c2211e26180a21ead05ffbf37a0060ace54ad2cf543e0677c15cb580c	d4f43caad40a0a4fb048db1b8c0c308c	141	2026-09-14T05:54:27+05:30	ignored			
results/analysis_davis_policyA/accuracy_hyperattentiondti_davis_seed2.json	2ebdc601d6be1dd150e8550c535c946122237652ed652946eaa06c7d29b5ef1c	47ff1711639402a9b023df76a869a0f5	141	2026-09-14T05:54:27+05:30	ignored			
results/analysis_davis_policyA/accuracy_hyperattentiondti_davis_seed3.json	930c77a8c55852ffbd724331d609e40843f725cd777eeffab4939299cfb68dad	c789ecde1d78cc02b16e8606b0f1304e	140	2026-09-14T05:54:27+05:30	ignored			
results/analysis_davis_policyA/accuracy_moltrans_davis_seed1.json	354491d10fe8071c6ec5fa9592b60b4b6887f2d7b8753d854bedff3e33e898f8	833b03cf9d9f47507c81ea62e84ba160	140	2026-09-14T01:37:48+05:30	ignored			
results/analysis_davis_policyA/accuracy_moltrans_davis_seed2.json	cb71472307fd24d81db2ce4209dd7fa2b35f271ce2dc228bdb1deb42d65f5916	1746d7cf8aec7f43be02644c5036039a	139	2026-09-14T02:10:26+05:30	ignored			
results/analysis_davis_policyA/accuracy_moltrans_davis_seed3.json	3f72ece8d404803948691bea48c7ea97d7252e6ff36ea1e6564459c210c7d34e	64ca62c95e137e63dfe366bbd953b9c7	141	2026-09-14T02:37:05+05:30	ignored			
results/analysis_davis_policyA/analysis_summary_davis.md	8784507fa93836719737e1fa33ad103e5454c26181a806c5143f572220d5c99b	c48da5487b3751541398bc3e7d758b1e	3606	2026-09-14T05:54:27+05:30	tracked-clean	2026-09-14T05:55:57+05:30		
results/analysis_davis_policyA/audit_davis_binary.json	dfc30918c6cc724aa4372731063a552351b7999a47a4e06055486db3fbbfe4cc	74a110668ffee6d78ba2e7667f964f16	23922	2026-09-19T20:05:20+05:30	tracked-clean	2026-09-19T22:25:11+05:30		
results/analysis_davis_policyA/audit_davis_binary.md	191e177e49c3fd1d006c0ac0cf43eca6f1192c49c7eb9f22e65fd6f49a0d8d5c	5cf6ece354ee546531077bac1fef9abf	2488	2026-09-19T20:05:20+05:30	tracked-clean	2026-09-19T22:25:11+05:30		
results/analysis_davis_policyA/audit_davis_binary.superseded_16cell_family.json	dc9f233da0259263848574ff75a3ce39c05881bba0848315a6361f72928a9680	f9a7c9cde7bd250b2dc3e253a60a8ad1	19247	2026-09-14T19:11:25+05:30	ignored			
results/analysis_davis_policyA/audit_davis_binary.superseded_16cell_family.md	be466c08ab39baa0f885a254ba0197714a3c3283e1c2d44b5dc6b9a20c4e4be8	ba5daef8cc1dd48b4c81c4bb368fb097	2146	2026-09-14T19:11:25+05:30	ignored			
results/analysis_davis_policyA/audit_davis_binary_10k_permutations.json	7b014fe42dbeef1273f3d67e3f0d65d8a8e39f2a320cd970cf47481b34a19c49	0d620724887dfe2f074788476e6e6fdb	23956	2026-09-19T22:07:23+05:30	tracked-clean	2026-09-19T22:25:11+05:30		
results/analysis_davis_policyA/audit_davis_binary_10k_permutations.md	12059ffe28bb2e4bebb2de5ab602106f2dc5716ba768b8a4739f457a932123e6	3aa505900c832f15943b3c47c77da8e8	2492	2026-09-19T22:07:23+05:30	tracked-clean	2026-09-19T22:25:11+05:30		
results/analysis_davis_policyA/audit_davis_binary_3models_superseded.md	c5df5647e39276bea300bd996cd55be16fde9731af06b760c76920fe7ba53d29	db2cd211ea08e1a1dd1670638c8cb970	1796	2026-09-14T05:54:27+05:30	ignored			
results/analysis_davis_policyA/control_coldsite_dti_davis_seed1.json	88278ae727af382077657470da2385dcbdb7073dd81f5ec682ec70c6f3c03f1a	5f95d0355dc29af9c0f12fe588badf90	3197	2026-09-13T18:34:25+05:30	ignored			
results/analysis_davis_policyA/control_coldsite_dti_davis_seed1.md	af84a1fac7ab69cd97127e4837448fbd5a5f3c6208d49b38229ca33c69a8d669	bdec18733f584ae54cf15fba033377fe	837	2026-09-13T18:34:25+05:30	ignored			
results/analysis_davis_policyA/control_coldsite_dti_davis_seed1_noions.json	9acb76c5da5fa408d93d0c554b774c2e4bf5e86a50c7015768ab18195fdd1765	c7cd1af9802ae91f6fd380b8cf2cbd09	3257	2026-09-13T18:33:39+05:30	ignored			
results/analysis_davis_policyA/control_coldsite_dti_davis_seed1_noions.md	10a109355107ce98e53258c16dcbacd31127cf338d977ee8fc4275061618747a	3c06bf96fb9a723ef2cefb0bb407756d	837	2026-09-13T18:33:39+05:30	ignored			
results/analysis_davis_policyA/control_coldsite_dti_davis_seed2.json	63efae3f1aaf4ff3695d06608d47f03499b082bbb19aed99c6553f418aeb4d68	679a1914d082da0074807ed7778de4ac	3075	2026-09-13T18:35:59+05:30	ignored			
results/analysis_davis_policyA/control_coldsite_dti_davis_seed2.md	675ea6d265dca4435167e004c1dfd894d91aac85e9b9cb13d68d13f6a82b9581	20c99d3d70c193445d048ff0f8bde9cc	839	2026-09-13T18:35:59+05:30	ignored			
results/analysis_davis_policyA/control_coldsite_dti_davis_seed2_noions.json	673c2e1f5a9456c6d62f6f0b14a18f77b2427d5132ef1056217619a38ae7fdd1	33e0ba24e7c6a7bebfd405036849f9b1	3165	2026-09-13T18:35:12+05:30	ignored			
results/analysis_davis_policyA/control_coldsite_dti_davis_seed2_noions.md	eeeb668bc7dc48a3f9025e4247527d476a399ee9f839bee898c6388884cc74f3	9acff62875f4a86be7e8c1b91597c24c	839	2026-09-13T18:35:12+05:30	ignored			
results/analysis_davis_policyA/control_coldsite_dti_davis_seed3.json	9d97c35d326a5da50df6bf734554f9e589cb9c84e149da3f46c29f28f8dfeb7f	41ac15cf503f249c62680ff02e58d7ad	3136	2026-09-13T18:37:32+05:30	ignored			
results/analysis_davis_policyA/control_coldsite_dti_davis_seed3.md	0f9be53e40ae724774cfa88e9c96afdc1fdc424aae908427a8c2c571da5ac4e2	c23a34d1e1e760fccaaa8ecf4dd81cd5	839	2026-09-13T18:37:32+05:30	ignored			
results/analysis_davis_policyA/control_coldsite_dti_davis_seed3_noions.json	bc296099715f15554fed41af1813cd39baa263b9614b4b868a469516244a21c8	d8d5f568459771abb1529c1bbb11d3c3	3214	2026-09-13T18:36:45+05:30	ignored			
results/analysis_davis_policyA/control_coldsite_dti_davis_seed3_noions.md	6f2924b852b823470b9057fc2f073a8d71dcd0fcdb71d57390d5e490d3855450	a96beacd67a445acab37b44dad4b39b1	838	2026-09-13T18:36:45+05:30	ignored			
results/analysis_davis_policyA/control_drugban_davis_seed1.json	bffcac32531f0fde566bb2d0cdc06f3863b5a344bca00ca5faf9a7ca85221343	4fcd6a266974ca03aacfab1ecd1ff0b8	3192	2026-09-20T14:26:33+05:30	ignored			
results/analysis_davis_policyA/control_drugban_davis_seed1.md	dbbbeb33e268287b8d1f0e6b7f4fc198b81833936150bccad8eb8e455dfeb618	beb1d747fc7af804d6039ecd5922499a	831	2026-09-20T14:26:33+05:30	tracked-clean	2026-09-20T17:17:22+05:30		
results/analysis_davis_policyA/control_drugban_davis_seed1_noions.json	d1832a07afb3ca3d5c37a3813945acd1e21f9a1ddfc8dbebb18a262bcdef83e4	c565967a2c3550d51e96642c146f8af4	3249	2026-09-20T14:25:02+05:30	ignored			
results/analysis_davis_policyA/control_drugban_davis_seed1_noions.md	30745153d8b3c771355187e701dfced267cd00372b2d281d7fc859a1d6eb31bb	30e10a1a1ed343de0cafd731fada809f	831	2026-09-20T14:25:02+05:30	tracked-clean	2026-09-20T17:17:22+05:30		
results/analysis_davis_policyA/control_drugban_davis_seed2.json	f1b60f088b8ed6eb326678f2a220ea07297bee907483660b6b69dab7a4b7afbb	ab9fc7c5ede8b82b84859f9293b8c029	3184	2026-09-20T14:29:30+05:30	ignored			
results/analysis_davis_policyA/control_drugban_davis_seed2.md	20074f30987d06483b32097b72372f0411bfed2f1466eacfc0257982af11ac2f	f56f0c335403bf6a9f6b657727dbc249	830	2026-09-20T14:29:30+05:30	tracked-clean	2026-09-20T17:17:22+05:30		
results/analysis_davis_policyA/control_drugban_davis_seed2_noions.json	f2652dc27405e74bc02c2c04a93f0b8514a056f3744791ba194577274e4c074b	01cc5381ddd9f0bb923c8f3e53baf03e	3245	2026-09-20T14:28:02+05:30	ignored			
results/analysis_davis_policyA/control_drugban_davis_seed2_noions.md	0cfad2029de58f7d087688511f5126cd939bf228d947349a008630d52a39cf85	afb2cd3a909aa6cf4bcd9dddd54b2dd2	830	2026-09-20T14:28:02+05:30	tracked-clean	2026-09-20T17:17:22+05:30		
results/analysis_davis_policyA/control_drugban_davis_seed3.json	f195ad9b135345a9a03b05d76ed9285bced0a569d600a1b028db3df33a491838	20d0d4bbfb63797c18ce87194271c5f8	3163	2026-09-20T14:32:30+05:30	ignored			
results/analysis_davis_policyA/control_drugban_davis_seed3.md	2351b5a75f9eda6f5b74d4dcd178b34c2bd5d8dc5528f300aaadcbdf99e7a241	8be16d819ba15d9947f3ef85ad989116	830	2026-09-20T14:32:30+05:30	tracked-clean	2026-09-20T17:17:22+05:30		
results/analysis_davis_policyA/control_drugban_davis_seed3_noions.json	4ab430b1a615e5dcaee97ea0fd922fec8f50822ac52a5b8ea2b1915baa6231ea	dfc49ed3fefd4d21d30c9345bbbbcc65	3220	2026-09-20T14:31:00+05:30	ignored			
results/analysis_davis_policyA/control_drugban_davis_seed3_noions.md	a4721191a0d9239f09a958a6255c51b5c3e79e71080069e99646084fb85042bb	433da5752e91d5d9f800d267d946cc90	830	2026-09-20T14:31:00+05:30	tracked-clean	2026-09-20T17:17:22+05:30		
results/analysis_davis_policyA/control_hyperattentiondti_davis_seed1.json	4ca3ca30d6ea1680ace884b63573ab118cbf3036c6bf390ec92fef39a4708d8b	bedfc13260f88aee6f1a9f599bb0106b	3188	2026-09-14T05:54:27+05:30	ignored			
results/analysis_davis_policyA/control_hyperattentiondti_davis_seed1.md	60c3247d36b6dc2b96e34f45d931a90c951ca10d30dd822ec45417d0b0644ba9	bd8ffa6bdbf127bd18577e9f6c850c48	842	2026-09-14T05:54:27+05:30	ignored			
results/analysis_davis_policyA/control_hyperattentiondti_davis_seed1_noions.json	6e4493a990480805083e46f79453a129ad6fce1550213b6ad4fc9b0327b64c54	084f43be70eac290f47c3d86fc9ccbd5	3249	2026-09-14T05:54:27+05:30	ignored			
results/analysis_davis_policyA/control_hyperattentiondti_davis_seed1_noions.md	a4b377ce2381475143bd0202873be7674baa954d1a9117a83841ffb227e62d1b	9263fbf20609f31bff9241258cd90b67	842	2026-09-14T05:54:27+05:30	ignored			
results/analysis_davis_policyA/control_hyperattentiondti_davis_seed2.json	3822e9f407c290be935974fe53b9ca0682c5f6be40d533aa4e97fbb85798c2ab	f2143815bb6080f0105f2dbbb4ff8613	3148	2026-09-14T05:54:27+05:30	ignored			
results/analysis_davis_policyA/control_hyperattentiondti_davis_seed2.md	3b607bd73592c3965f57ca7c3fc862a8ac97ed5659d9de54ff822b5179fe3084	b847c0f5d8d50c8b7936ccf3558c9ce5	843	2026-09-14T05:54:27+05:30	ignored			
results/analysis_davis_policyA/control_hyperattentiondti_davis_seed2_noions.json	c7a82798ea7e8ffc9a2d91957cf09edc573afbf158b8a80986ac074412714576	0a11c7d4fdb943708b42c11d496ab30b	3258	2026-09-14T05:54:27+05:30	ignored			
results/analysis_davis_policyA/control_hyperattentiondti_davis_seed2_noions.md	4fe61aee0210d64bb79f0ef917fee26e6b8a8111c7332b2f8b0aec0215bd55c2	1997a809f7fa8f43f680af32c14bbd87	843	2026-09-14T05:54:27+05:30	ignored			
results/analysis_davis_policyA/control_hyperattentiondti_davis_seed3.json	1e00cb165ae1ed52b2d9a8231eb71803f0be17e5f52b7ee4e029d9cc0643b738	d6524283261262952a447320f59a4230	3192	2026-09-14T05:54:27+05:30	ignored			
results/analysis_davis_policyA/control_hyperattentiondti_davis_seed3.md	e0899d381dab006be30d472b856e14647daf55b55491341372ea475db90aea4c	a506b0c2f425e5293f8c62b34cea559f	843	2026-09-14T05:54:27+05:30	ignored			
results/analysis_davis_policyA/control_hyperattentiondti_davis_seed3_noions.json	88e5daccfcbac2db492e3283bcdc94f356665773f051cfab60f4ea79fa7ebf74	3de770830d779e2664711df51bca8bf6	3248	2026-09-14T05:54:27+05:30	ignored			
results/analysis_davis_policyA/control_hyperattentiondti_davis_seed3_noions.md	725615d1ad3e3c2835d3fac174a7e742277371e089bec2acc6c485c0ae2aa11d	b255876987184a256826fd8363cafe7b	843	2026-09-14T05:54:27+05:30	ignored			
results/analysis_davis_policyA/control_moltrans_davis_seed1.json	735d366ff7bf10a5b5c7cd5380e05c303fc66991c6e3f10a658d0e945e241ad3	9600533ae5ef26da65831d5644c630a2	3182	2026-09-14T19:11:40+05:30	ignored			
results/analysis_davis_policyA/control_moltrans_davis_seed1.md	5651245047e1ea4eaa3591a2b5d981c6cb42323142a942e090826c04f9553948	9e47f3db18d62c36340a7fa11db0245e	833	2026-09-14T19:11:40+05:30	ignored			
results/analysis_davis_policyA/control_moltrans_davis_seed1_noions.json	561b44bf8496594dbecf813bdc129fb4041349a4e64f65e3840f7285b0710195	c87caefc66e5bbde7117e91f804a3372	3243	2026-09-14T19:11:40+05:30	ignored			
results/analysis_davis_policyA/control_moltrans_davis_seed1_noions.md	dff453e727ce5b559cdbdb1e92d91f1b0611f29fad682f0d82f0acafb96a34b8	4c7b79601018b63b39b55626634687ad	832	2026-09-14T19:11:40+05:30	ignored			
results/analysis_davis_policyA/control_moltrans_davis_seed2.json	06e29e14432599a1bfed6582885d6febbc3515c645cb0a4ce8be169dae0b8438	0ccab0d3add9538e24eb82cd8af21fd1	3125	2026-09-14T19:11:40+05:30	ignored			
results/analysis_davis_policyA/control_moltrans_davis_seed2.md	51fb7f8cf3483039550edcf177ac7cab0985779c1d7ccff2fb75689ac9ca55ea	8e65969ae1eb5d605a905dad312f72a4	834	2026-09-14T19:11:40+05:30	ignored			
results/analysis_davis_policyA/control_moltrans_davis_seed2_noions.json	a036454739f0f9dfc4cb8c07bab65f76e17525d6136a39cc0a3b26c210e7b4e0	946998ccb7d0df31829c2d8e89a7dc14	3234	2026-09-14T19:11:40+05:30	ignored			
results/analysis_davis_policyA/control_moltrans_davis_seed2_noions.md	8579b939add8710f97ae8e7f0c568fcb9351cde714fc9397386e94be85f2489c	66be1d5eb792b484a5c261aadcfeb736	834	2026-09-14T19:11:40+05:30	ignored			
results/analysis_davis_policyA/control_moltrans_davis_seed3.json	5fc40d8cd0517a00497c3ed97ca668167417300565632febbba3a487140ee302	494d886d43e2ef64ac4f1c5d72f43a0b	3180	2026-09-14T19:11:40+05:30	ignored			
results/analysis_davis_policyA/control_moltrans_davis_seed3.md	33016576d8836f47e62b24871c9019b4af804a79f8b79a2f9edfee18b205b70f	2ff596d939c246920d74bcc1a09d7662	833	2026-09-14T19:11:40+05:30	ignored			
results/analysis_davis_policyA/control_moltrans_davis_seed3_noions.json	aa1134e1b64f70684b37bd3307053875bd7128e7add40ea7fba4808667e83359	96517acc429656da9e518fe2b3ac447b	3238	2026-09-14T19:11:40+05:30	ignored			
results/analysis_davis_policyA/control_moltrans_davis_seed3_noions.md	eaaad94943b44c9fbd465d0754636ac75b41b054f9a5f88c4b726435d299dd2b	326137410332aa127161da0c46124a69	833	2026-09-14T19:11:40+05:30	ignored			
results/analysis_davis_policyA/faithfulness_davis_seed1.json	6e3ae92fa2fab4037dc2ec6312c725351deceb316b5dd44f0df5d5ae2870b9f8	e881f08e5082e5329b34138498dd2f0c	2204	2026-09-13T12:42:45+05:30	ignored			
results/analysis_davis_policyA/faithfulness_davis_seed1.md	c9c01d635952ea20f60229b9f70003894224064fc6be157e58f5ee4587dcb6a4	ccc66021399f61f5ddaf07a87ee7bb5c	904	2026-09-13T12:42:45+05:30	ignored			
results/analysis_davis_policyA/faithfulness_davis_seed1.png	54fb156ade2f0e56eddd7798685d6d872c65175f190a0f9e0849a340ae55cfdd	2fb12aaceab08b275b06b3dcba2d6a72	75016	2026-09-13T12:42:51+05:30	ignored			
results/analysis_davis_policyA/faithfulness_davis_seed2.json	e1a3154586d4899a3e0ce6a46be0db686b343aa38f4dd92bdbd90dd38bfdae86	702fedcdcb61511dbbfea2f0c8f6c94a	2195	2026-09-13T13:02:21+05:30	ignored			
results/analysis_davis_policyA/faithfulness_davis_seed2.md	a4a60164f25a4c11e9c669c96a7161b2b7fdc905d9357f5ce4e7a298ac138b16	a7d650bf6d76684177bd8735e696f3aa	904	2026-09-13T13:02:21+05:30	ignored			
results/analysis_davis_policyA/faithfulness_davis_seed2.png	7c6450e865ca89a9aa43b49b9c2afc44683529add0d4c485355cc408c8fe8c22	c7e96d1abab04d347c68c2226d7c2b0b	67528	2026-09-13T13:02:24+05:30	ignored			
results/analysis_davis_policyA/faithfulness_davis_seed3.json	4ca0852248763db478ffcc9003812f3b4720544edc09decfac75db3350958515	6d179d1346d7f619494822c8842fb1fb	2201	2026-09-13T13:20:28+05:30	ignored			
results/analysis_davis_policyA/faithfulness_davis_seed3.md	744a4ea7adf5e74b577a78abf4538eee18e5d7c885609ad7387eabfefc9887f7	c542991a781bb418e1d0db1716be31c0	904	2026-09-13T13:20:28+05:30	ignored			
results/analysis_davis_policyA/faithfulness_davis_seed3.png	cfa6350045d74000768297cdcbd9f6bd1d5a45ba89f54a96c7e2112f081ed985	c4c956cbb195a00aa0cb79dab0b9e535	69744	2026-09-13T13:20:32+05:30	ignored			
results/analysis_davis_policyA/faithfulness_drugban_davis_seed1.json	adea8724ca353799a45dfa4602e730d6efbf8251be13b861cb09e27e53b77239	0621446030d84a9021350ecf995e47a0	2220	2026-09-19T16:42:26+05:30	ignored			
results/analysis_davis_policyA/faithfulness_drugban_davis_seed1.md	dc3ba449258f7273238faa58711bb13c8f469936230b94b6d50eca13e775ee34	ba2a6079dd148f006fb04d34fc9e9859	920	2026-09-19T16:42:26+05:30	tracked-clean	2026-09-19T22:25:11+05:30		
results/analysis_davis_policyA/faithfulness_drugban_davis_seed1.png	74e3665d2969696a1fda9f337fe19bfdbac4c95a633bad1a7cab27b0db83fc25	b9f4019bbf0ab841c8b50223a0976385	75695	2026-09-19T16:42:27+05:30	ignored			
results/analysis_davis_policyA/faithfulness_drugban_davis_seed2.json	6a8978e4273b5a574ab4fe410ceb8d534a954187a7cc7d17042013023591897d	9cc9ce7efacd4eb0c7a738267ccd10c2	2227	2026-09-19T16:57:11+05:30	ignored			
results/analysis_davis_policyA/faithfulness_drugban_davis_seed2.md	7370ab738d9cf26056fcbe2b33dff8730e97ba47801adc4eb68ba51ce579dec0	aa7cc02d1145b2c0d9fad798d8ecfe7a	924	2026-09-19T16:57:11+05:30	tracked-clean	2026-09-19T22:25:11+05:30		
results/analysis_davis_policyA/faithfulness_drugban_davis_seed2.png	1cdc8fb53bd06ebfb713ed01a09f0fce12a8edbb7962886703cc361cb5d78e31	af2e51c6389ac70dadefcccac71faf4d	75922	2026-09-19T16:57:11+05:30	ignored			
results/analysis_davis_policyA/faithfulness_drugban_davis_seed3.json	fc4a5921ff02c1afe680b0eedb4bb06ae0577c1fa581612d12cc838e82fd4f7e	bc490d13556b19ed66f9d19d9d2a0b11	2221	2026-09-19T17:09:04+05:30	ignored			
results/analysis_davis_policyA/faithfulness_drugban_davis_seed3.md	40a9fb80fb2990611ed58cc79d76652bfa65e0cd1daa6f3cbc035fadba75f8da	ae51bf1e47ffb3551a847c3386024589	916	2026-09-19T17:09:04+05:30	tracked-clean	2026-09-19T22:25:11+05:30		
results/analysis_davis_policyA/faithfulness_drugban_davis_seed3.png	33a57ff90c5f40f06fb33c3356eb951fc13e22c7f347356603d47bd8c2018684	3c16fb61e8d15cfde3154e6c8ba5ca71	77203	2026-09-19T17:09:05+05:30	ignored			
results/analysis_davis_policyA/faithfulness_hyperattentiondti_davis_seed1.json	144fec27f032c5ad320e15b9ab117ccce55c10ffd45eb70e147850cd0ee9b1b9	b040ed140769cc21005caf4e9b2fed0f	2220	2026-09-14T05:54:27+05:30	ignored			
results/analysis_davis_policyA/faithfulness_hyperattentiondti_davis_seed1.md	a63c181dfe0ea20f5ed8cf075f5cc13402cdc9236f27787dfbdbcca1e7de80f3	adb3037a3a354ba0647ae8cbcfdef792	922	2026-09-14T05:54:27+05:30	tracked-clean	2026-09-14T05:55:57+05:30		
results/analysis_davis_policyA/faithfulness_hyperattentiondti_davis_seed1.png	6521275a818e37f83c034a9ee790f6eeff31c5300b41300bc931ba921198c4f6	60862d8d7d80b9b54f753dbcb41e0921	85226	2026-09-14T05:54:27+05:30	ignored			
results/analysis_davis_policyA/faithfulness_hyperattentiondti_davis_seed2.json	bfbde2cf45204ee9f20b531df8aa91920456cc6f29554ed800d7deb8f034b44e	3bc375e742c6ffb7cd462f53e769abe3	2217	2026-09-14T05:54:27+05:30	ignored			
results/analysis_davis_policyA/faithfulness_hyperattentiondti_davis_seed2.md	2b599a50ccf534a23b7ed46be0121435a37b5eb3273d64595388d205a0208692	74e471e5d10aed78a10ec579971ac6b6	922	2026-09-14T05:54:27+05:30	tracked-clean	2026-09-14T05:55:57+05:30		
results/analysis_davis_policyA/faithfulness_hyperattentiondti_davis_seed2.png	b613c5aadd46d3623634fb8b057745c390e7c656ac915f9cdcd07749ae3dbe38	55c11e25b8bc3e48bc6f8a5c60d354ed	93563	2026-09-14T05:54:27+05:30	ignored			
results/analysis_davis_policyA/faithfulness_hyperattentiondti_davis_seed3.json	a3f5563f2de902b6479e290123982031fea7b37ff317ff3dcaaca791c5817b14	65cf9143881f9af9fc9a41424f8cb5d2	2223	2026-09-14T05:54:27+05:30	ignored			
results/analysis_davis_policyA/faithfulness_hyperattentiondti_davis_seed3.md	d448f3260734618685a815e7fc60d66097acf3748fe112d5ac353c2ac412796d	927860d3b9cf2797d74ecba54d3b7928	922	2026-09-14T05:54:27+05:30	tracked-clean	2026-09-14T05:55:57+05:30		
results/analysis_davis_policyA/faithfulness_hyperattentiondti_davis_seed3.png	d009cdb7617736cdee4163ded8f4154bbbc8dbf005029fcce940944609cee04e	496d61beeaa734cd818234044c2b8d0a	89530	2026-09-14T05:54:27+05:30	ignored			
results/analysis_davis_policyA/faithfulness_moltrans_davis_seed1.json	f0513aace25716e93d662ef00359c6d7515aa0f7b9467a328d22a53663be404d	d0dfba1861ec69843d63449995c6382a	2204	2026-09-14T01:37:47+05:30	ignored			
results/analysis_davis_policyA/faithfulness_moltrans_davis_seed1.md	523e6521b5de45a842986f291c410b853cdfef664ce08b1e4b8e72f3a8690774	7fbc379c36a07e22ee74999b7a547cfd	929	2026-09-14T01:37:47+05:30	ignored			
results/analysis_davis_policyA/faithfulness_moltrans_davis_seed1.png	02f09cec5ee6c4f4ce8ce918f0441ac88e139454e1a7317ebecb53a08930716e	bc3e8b06b886a25b6068b2e579da51fc	74189	2026-09-14T01:37:48+05:30	ignored			
results/analysis_davis_policyA/faithfulness_moltrans_davis_seed2.json	97d07bbec0a341a93adf316ce4e15a5f20fe329556f933276918639d42250be2	184b583e12832661cccbf1cafe76d001	2208	2026-09-14T02:10:25+05:30	ignored			
results/analysis_davis_policyA/faithfulness_moltrans_davis_seed2.md	1bc8affb4a5b4367a18273a418b0c42596c2ee207427d928e50e23e0193c9baf	8e7d5f03c7299cb1b3440e8a6e76e4f0	929	2026-09-14T02:10:25+05:30	ignored			
results/analysis_davis_policyA/faithfulness_moltrans_davis_seed2.png	b3cc89f9940a5fb78e17b3e8de0a23460f1a4b1d2e154258a48daa71782ff891	467f5f26e4815a586e8de8068c8633ba	72963	2026-09-14T02:10:26+05:30	ignored			
results/analysis_davis_policyA/faithfulness_moltrans_davis_seed3.json	2aa92b9a34c2305a72d516e4122e57569cc395337895b9b8a7424ea78b942309	bec5e5cc1d846054ae28f73b3f4bb4ee	2207	2026-09-14T02:37:04+05:30	ignored			
results/analysis_davis_policyA/faithfulness_moltrans_davis_seed3.md	8ee79bdeade512a907ff27b2568a48b33a407326e27a65ba1d9ecd1c561b66cc	0736f75e9c1ba944e62b7ab9b4b043a1	925	2026-09-14T02:37:04+05:30	ignored			
results/analysis_davis_policyA/faithfulness_moltrans_davis_seed3.png	52d5071d2b279d12de5aa25d51fd2c0cee1984148aefe5973e9131371eedd2b9	3d349a785868cde29b55a751bacf2cb8	70627	2026-09-14T02:37:04+05:30	ignored			
results/analysis_davis_policyA/headline_davis_seed1.png	b6fa9e6d6eab4d525d100a8965689df273071f7e75a78af733ce820d2d1be7bb	53051c094f20cb844906c5c4c15de7fa	162640	2026-09-13T14:27:06+05:30	ignored			
results/analysis_davis_policyA/headline_davis_seed2.png	d433c74aef1d8627186fdfff4b20bfd2da66196d5fd4449c792751e39cdf3829	08d2733470019b5bf56bf5532c3643c1	174809	2026-09-13T14:43:39+05:30	ignored			
results/analysis_davis_policyA/headline_davis_seed3.png	a8b15593ee443c9232dfff88e58a8fc8bee7787af0ec7e276e5226c20d0336f4	82aee9159b392c5f7846515da9033312	180686	2026-09-13T18:32:20+05:30	ignored			
results/analysis_davis_policyA/headline_drugban_davis_seed1.png	8ff3d3e75217a0f584a8701bd8aaee31e47a20090b9bbbfcbc3f3e527cf8b886	310fe29e391566f04c3ac030983c0092	169128	2026-09-19T17:09:43+05:30	ignored			
results/analysis_davis_policyA/headline_drugban_davis_seed2.png	d1d8799f62d2e77d34314ac8734371a60c1402d2d0eff862ee2ca2be05f9fd7b	b6cb1b2ab3c05ab4be11945e50751e77	169872	2026-09-19T17:10:21+05:30	ignored			
results/analysis_davis_policyA/headline_drugban_davis_seed3.png	50b11eaf4f40e0b06477eb4415c18b2b096ec834c740fa561ab4d274dfd9899b	f9f4db9ee85f2d1844678429d9728de1	158820	2026-09-19T17:10:58+05:30	ignored			
results/analysis_davis_policyA/headline_hyperattentiondti_davis_seed1.png	977683cb801bb2e68eb962c0ce02505caf6bc6edefc24c065ed0bdb5387d5ecc	81d5e84897ab62b7d396b8158f5bdacb	204354	2026-09-14T05:54:27+05:30	ignored			
results/analysis_davis_policyA/headline_hyperattentiondti_davis_seed2.png	3e11eecc3b6c137f1bdba9125d14ceca08d81588d84c9069371584d6b28bf75d	bdf1ac7debcc48cdd81123afb8b630bd	206171	2026-09-14T05:54:27+05:30	ignored			
results/analysis_davis_policyA/headline_hyperattentiondti_davis_seed3.png	70df4ca8e611d79c3a4e018e96d7c9fa28c4a7b194c820e1a0bd4e1d2f12d75e	eb20a02994ab15b75d2ee97ccf8a1adf	196260	2026-09-14T05:54:27+05:30	ignored			
results/analysis_davis_policyA/headline_moltrans_davis_seed1.png	011ef6342a5e8e9867849e290f8f87acd146e5104462d56cbb33664bdcdc4ce1	34ccc2bc06e98a5995ee4dc08cc1e0f2	172864	2026-09-14T02:40:59+05:30	ignored			
results/analysis_davis_policyA/headline_moltrans_davis_seed2.png	b0fbc32bf1485ae24b418a00206c9fdcae55096fa2102f96b7ec130323589ab7	54d9655f172caeee57e64470aa3f7d6b	175112	2026-09-14T02:42:36+05:30	ignored			
results/analysis_davis_policyA/headline_moltrans_davis_seed3.png	4ef68502e3e5e14f5edaeed16c08b3ecd05cccb46e696eccefb690ebe2fefa3d	465044a498f3ea718adcb8830b45f67c	168059	2026-09-14T02:44:16+05:30	ignored			
results/analysis_davis_policyA/kaggle_logs/stage1_gpu0.log	1c2e64873b35f7f93b6a15d83bf8851d3fdecf9e3fa952bb8caedc8f29c55c26	716b96423600be1ae25a7a354be24e56	16127	2026-09-14T05:54:27+05:30	ignored			
results/analysis_davis_policyA/kaggle_logs/stage2_gpu0.log	b49976fb2367b336cefafe4b7d95bebbb59f4c9b65ee27ff131f0b0ad7c7ab88	a455580aeb835098623bfbbbf3e3fa6a	7056	2026-09-14T05:54:27+05:30	ignored			
results/analysis_davis_policyA/kaggle_logs/stage2_gpu1.log	dc835b9f5a4bed807f13880a9f46f2927ec5a4f9d8123e65d1913952c11117b3	4c66af15f335c6593e30b8be3b4e5f77	9313	2026-09-14T05:54:27+05:30	ignored			
results/analysis_davis_policyA/kaggle_logs/stage3_gpu0.log	729b7628bb38d0da992496c38aa91907e917639ec5157c876c48fed655d675e7	0db5a852186ebe8b37d76abff7050098	9776	2026-09-14T05:54:27+05:30	ignored			
results/analysis_davis_policyA/ladder_davis_seed1.json	f8381e505e908a12277d1c6ab2ff760677f5d8074f5f4a9fb772d640357eaf16	8e06332515aa6e99d63813775dc7aa80	56176	2026-09-14T07:38:37+05:30	tracked-clean	2026-09-14T07:41:41+05:30		
results/analysis_davis_policyA/ladder_davis_seed1.md	b9662bf8dc543b0126333d929a256d6798b2072f0c7c049fd392f519fbe7980c	c115ce90c6e4fa0b3f01e2fb84ce14e3	460	2026-09-14T07:38:37+05:30	ignored			
results/analysis_davis_policyA/ladder_davis_seed2.json	45272875c81b937cdc8d32826ee2022cbc25effcea4ec2cd075d91b902115fd9	512ea2e89d63750b3b577a5a0166e339	56048	2026-09-14T07:40:49+05:30	tracked-clean	2026-09-14T07:41:41+05:30		
results/analysis_davis_policyA/ladder_davis_seed2.md	88b962ed3633aa578ff3849d69cd0055a78fde0e3799214392904e28fb2c17b0	16e82c011b6599889063feb56ceded81	460	2026-09-14T07:40:49+05:30	ignored			
results/analysis_davis_policyA/ladder_davis_seed3.json	45f1c3e5da94a2fa605079b6dc3f838b609423b92efc0f105b8fa3f7e4fd3d57	1b233cec55ce9f24738d99375c230738	56009	2026-09-14T07:43:08+05:30	tracked-clean	2026-09-14T10:33:29+05:30		
results/analysis_davis_policyA/ladder_davis_seed3.md	872876369f43ad60b38b4772dddacbfa5682a0565c32308c07a9bbae6a1cfbd9	c5e80d335db5abe5b9086e72ec233e02	459	2026-09-14T07:43:08+05:30	ignored			
results/analysis_davis_policyA/ladder_drugban_davis_seed1.json	0b35d7c3be7bc0c065b9d183a8e5ac8d9e4786f3aafb32559ada9e2cf5739bf6	ea2034abbba6e22519a0cbba36bee234	56127	2026-09-19T17:09:43+05:30	tracked-clean	2026-09-19T22:25:11+05:30		
results/analysis_davis_policyA/ladder_drugban_davis_seed1.md	3b1d7a122e41bb882d00a3513feebefe25d0eaf9ea513caf7ec6e004b5d4630d	d2c3b7802784f6d73ad3686b89fcd5d7	468	2026-09-19T17:09:43+05:30	tracked-clean	2026-09-19T22:25:11+05:30		
results/analysis_davis_policyA/ladder_drugban_davis_seed2.json	c39b604905348ab93d8be5436ea19f0227a3814fb240267579c7908509b5056f	3cf9a449faac99374272de720dabc636	56113	2026-09-19T17:10:20+05:30	tracked-clean	2026-09-19T22:25:11+05:30		
results/analysis_davis_policyA/ladder_drugban_davis_seed2.md	6def63b46121822c058c4e6c492d86be0968a99c55a4a3189689dd5e2e17c2c5	02de86c75d25de4b5dadd89a65096258	467	2026-09-19T17:10:20+05:30	tracked-clean	2026-09-19T22:25:11+05:30		
results/analysis_davis_policyA/ladder_drugban_davis_seed3.json	19ce24f75a6aef682ed3ded3a99d0149ea22084bd7b43f7956fceb4bbb3b59d5	980e220c3138b25a7bfb68552599f36f	56094	2026-09-19T17:10:58+05:30	tracked-clean	2026-09-19T22:25:11+05:30		
results/analysis_davis_policyA/ladder_drugban_davis_seed3.md	6e8586dda94857cf880fff1820f70b4b22d48ed1c65af2edb2755e89e0821b2a	8b835b31f23e910c8ebc1ddf6ca78f0c	467	2026-09-19T17:10:58+05:30	tracked-clean	2026-09-19T22:25:11+05:30		
results/analysis_davis_policyA/ladder_hyperattentiondti_davis_seed1.json	5113d1455b37d0859f22c4794e4acff654e382ab637acf55816671b545abca7f	3f5d783e8c8307a8996f4218a046bfa1	56135	2026-09-14T07:44:59+05:30	tracked-clean	2026-09-14T10:33:29+05:30		
results/analysis_davis_policyA/ladder_hyperattentiondti_davis_seed1.md	e25fbd73a54f69e2b6b8b7e31cb876f71b302d214f027399512ccf889c2774a6	56387dbaf672ff5553606b5bc8583f6b	479	2026-09-14T07:44:59+05:30	tracked-clean	2026-09-14T05:55:57+05:30		
results/analysis_davis_policyA/ladder_hyperattentiondti_davis_seed2.json	a1f84a63b4ad8d835decc2a1ac63f460b547323ec93dd099b389ad5ac0718e8c	988baec22870eccf6e905505ba81488f	56216	2026-09-14T07:46:31+05:30	tracked-clean	2026-09-14T10:33:29+05:30		
results/analysis_davis_policyA/ladder_hyperattentiondti_davis_seed2.md	3d1816cb309b3bc8a52088a80ad71a9236988fb0a6836899103207d58fb96799	f5bb978e33328afcfa079c57fc8b80e3	480	2026-09-14T07:46:31+05:30	tracked-clean	2026-09-14T05:55:57+05:30		
results/analysis_davis_policyA/ladder_hyperattentiondti_davis_seed3.json	ebc637486d6c4ec8af20a79dae2fe7554354fd8f5ece8d04643fc0fa68a00b26	0ae32cc8af824db74219cb1e273e935e	56147	2026-09-14T07:48:03+05:30	tracked-clean	2026-09-14T10:33:29+05:30		
results/analysis_davis_policyA/ladder_hyperattentiondti_davis_seed3.md	64e9d994afdc1627381be46e85e899d7e89fb77bb69d3c5ec631ea8f6a19d305	7ca3d9e1f7e89054c2aff1f4412a4855	479	2026-09-14T07:48:03+05:30	tracked-clean	2026-09-14T10:33:29+05:30		
results/analysis_davis_policyA/ladder_moltrans_davis_seed1.json	e48dbdef37c3d0b41d59169befda182f73ccff247b7d91ae7d8fa6220c9634de	77a875608abded9b6efcafdcb62b7185	55955	2026-09-14T07:50:25+05:30	tracked-clean	2026-09-14T10:33:29+05:30		
results/analysis_davis_policyA/ladder_moltrans_davis_seed1.md	87166dc752fd917a168567cbc6427387e6f5edff1ac98a9b9ba8a26402e63261	b68fd08dc0385df33799862e4ad26f64	469	2026-09-14T07:50:25+05:30	ignored			
results/analysis_davis_policyA/ladder_moltrans_davis_seed2.json	82d3d7880510a93b6a011a73ecc75136cdf4817c49bc6622ffcc74b9a4fbc4f0	74fc853448ae97b9dad0e09ccfa61406	56007	2026-09-14T07:53:39+05:30	tracked-clean	2026-09-14T10:33:29+05:30		
results/analysis_davis_policyA/ladder_moltrans_davis_seed2.md	e851584364374aef882f3c974b53cc4b0f42693e5bbdb1bac3fb8de34dfa46ec	c9bd8a07e52de5c82fd7139d5c0ddbca	471	2026-09-14T07:53:39+05:30	ignored			
results/analysis_davis_policyA/ladder_moltrans_davis_seed3.json	2698a89120d90ce57d0a6f56b6a2fd317c1d06d03c0912a06b43df33e4f8aff7	728e8b35a5d66f85f8275ba21eabfc7d	56003	2026-09-14T07:56:52+05:30	tracked-clean	2026-09-14T10:33:29+05:30		
results/analysis_davis_policyA/ladder_moltrans_davis_seed3.md	2b762ac6f724c697e2da7e6749c229a84e305af40289c807ee11b84cee6f8787	4676a846be5a147c5394be3633a8388d	469	2026-09-14T07:56:52+05:30	ignored			
results/analysis_davis_policyA/positional_control_coldsite_dti_davis_klifs_policyA.json	28f65283b8eabc5118de004ef60346ded4b74ae8d105bbc7ff5fd2a4ebfbb56c	6d9b7bea2d94ec0b34db5292d6fae7b5	19541	2026-09-13T22:36:25+05:30	ignored			
results/analysis_davis_policyA/positional_control_coldsite_dti_davis_klifs_policyA.md	0b613dac25769c6c49b16cf8feebce9754f50bd40d226d8dced102b3e02d7b61	a35c89bb20f4aa986e63e387d37a1d49	2709	2026-09-13T22:36:25+05:30	ignored			
results/analysis_davis_policyA/positional_control_coldsite_dti_davis_policyA.json	db10d47e5e719f1fceb9ff25998c8795766eb35379fdbc5dbcb21961d29ed0fb	c8bb3da1be596f0528af262ea4f2f41b	38338	2026-09-13T21:58:07+05:30	ignored			
results/analysis_davis_policyA/positional_control_coldsite_dti_davis_policyA.md	43cf3e3e797de12d53aa409f1f2def4e6a7ca67a023a73857613d0ff4a36915c	4ab96a6cad923f306bae10808025277b	4285	2026-09-13T21:58:07+05:30	ignored			
results/analysis_davis_policyA/positional_control_drugban_davis_klifs_policyA.json	4223370b13d4dd71fb87764f0d40cd88f199b18bd5c40bd635f02c5b2bc64372	d32974643f6a19acde8dac6a4bdd3f5a	38791	2026-09-20T17:11:46+05:30	ignored			
results/analysis_davis_policyA/positional_control_drugban_davis_klifs_policyA.md	50810c01045442ed22094e003063c9c8a3dbf6f244bb0677944a47f72d3cb455	f3442152db2708ef3f1c2cd4674c51b4	4253	2026-09-20T17:11:46+05:30	tracked-clean	2026-09-20T17:17:22+05:30		
results/analysis_davis_policyA/positional_control_drugban_davis_policyA.json	a3788e2910397dab86592b9e453a2d9da1d40ac62a1a662118191f4554c6a4db	7170d1679feafbeb5afab5db622105a5	38993	2026-09-20T16:47:42+05:30	ignored			
results/analysis_davis_policyA/positional_control_drugban_davis_policyA.md	ffe4d87025999f6279e59218561d2010c39b73cef42204b05fee9ba6e1e0ded2	d1ae42b0bec8d58d822360016a6ea7c6	4256	2026-09-20T16:47:42+05:30	tracked-clean	2026-09-20T17:17:22+05:30		
results/analysis_davis_policyA/positional_control_hyperattentiondti_davis_klifs_policyA.json	71a392afdab97a356f5b5d28026b35cf973775d70212517d7535cb49fe5b0bc4	661685b2a6d201506588ae45b40f83d7	38744	2026-09-14T05:54:27+05:30	ignored			
results/analysis_davis_policyA/positional_control_hyperattentiondti_davis_klifs_policyA.md	784b0f16cfb82e8a0f71ab076d985f4e06d44200840d8d5ce608b1b1c98ebdbe	d8c94e84490528a2ca0eb4132c078406	4300	2026-09-14T05:54:27+05:30	tracked-clean	2026-09-14T05:55:57+05:30		
results/analysis_davis_policyA/positional_control_hyperattentiondti_davis_policyA.json	27845c0f549f709b07930772cbb5d8b4eb88377d8a77595c361ba1b529890941	c1b6f78ac4fa7e11a7a47e442e2bb487	38793	2026-09-14T05:54:27+05:30	ignored			
results/analysis_davis_policyA/positional_control_hyperattentiondti_davis_policyA.md	a680b118f5fdea8b444cd2f22c22a3ec1c0da9e1f9c300aadba4bf1081168a04	a2a690bc4d99422efcbc8b7c2b989cb3	4287	2026-09-14T05:54:27+05:30	tracked-clean	2026-09-14T05:55:57+05:30		
results/analysis_davis_policyA/positional_control_moltrans_davis_klifs_policyA.json	7f91d6239ac30c3e9f0a2fe89120bf70a1b4d8e213d6f1cb938c9376dc9be3fc	a273cd9995448cd534ed890674b4c0c7	38614	2026-09-14T19:11:40+05:30	ignored			
results/analysis_davis_policyA/positional_control_moltrans_davis_klifs_policyA.md	ea9611528df2e9d4980c389ca39ced89968f4c2f036214cbfae643e5966d8ae7	19eb096a3b03914d4b2d66f05f8e52e0	4273	2026-09-14T19:11:40+05:30	ignored			
results/analysis_davis_policyA/positional_control_moltrans_davis_policyA.json	34c7cc4252fd3a8d518d66398a9d24b476b6c615cf771ffb93bdd70e76dca8c9	d43f27ac93616a2c58399d32e2e1e1d4	38774	2026-09-14T19:11:40+05:30	ignored			
results/analysis_davis_policyA/positional_control_moltrans_davis_policyA.md	f230602be6ff3d2adcca5e1f9e21702a65e08146ac1acaf9936d8fa3b30107f8	051afdbbef1d09ccc036b7b99432721d	4269	2026-09-14T19:11:40+05:30	ignored			
results/analysis_davis_policyA/positive_control_davis_hat_compare.md	7223348b7cd366ca3d960390c12faf391de4cb8d0b0eaa99b9f6d9e8203f1fbd	3d4da8fab483c3f598afe7bf3d875e78	3941	2026-09-14T05:54:27+05:30	ignored			
results/analysis_davis_policyA/quarantine_before_cold_drug/accuracy_hyperattentiondti_davis_seed1.json	ec4baf06149104a7bc7cbebc637752982c7e225952de900162e678116d226d63	4f0dc3e12eceb6e199aa0a7602ab4c5d	126	2026-09-14T00:22:49+05:30	ignored			
results/analysis_davis_policyA/quarantine_before_cold_drug/accuracy_hyperattentiondti_davis_seed2.json	0899f30759a0e39ee5374907691d8e29a7602e64bc2ca3b3b9fd6bda83e0b1ae	efd6dc99cf789de0b716f911e729c11a	126	2026-09-14T00:36:29+05:30	ignored			
results/analysis_davis_policyA/quarantine_before_cold_drug/accuracy_hyperattentiondti_davis_seed3.json	d5ebb2345c6b841427e4a017fd5a57e98706b911c4745150ec75d7fe5405fe81	9fdd094e0a892359b0d34c0dbfa09587	126	2026-09-14T00:52:06+05:30	ignored			
results/analysis_davis_policyA/quarantine_before_cold_drug/faithfulness_hyperattentiondti_davis_seed1.json	a142d70610aa668b324614b3a1b9672398d0353e5c6fbdf1a49716ee1012d6dd	4c14a58cd841862c140ac338c5fff5e9	2220	2026-09-14T00:22:48+05:30	ignored			
results/analysis_davis_policyA/quarantine_before_cold_drug/faithfulness_hyperattentiondti_davis_seed1.md	5cbaf4683d1a11776ad284caf4e805a5e95f4f560a9d7886f1fe05e83b421811	2a945c50c7a9581c9332e6e643f89ad2	922	2026-09-14T00:22:48+05:30	ignored			
results/analysis_davis_policyA/quarantine_before_cold_drug/faithfulness_hyperattentiondti_davis_seed1.png	53f8ef4d0a4f18c143546c4328a27d0604a794e15ebff3ad4d7dc4989bc7504e	a2e88af8abb227e1ee7190dcd960bc37	73019	2026-09-14T00:22:49+05:30	ignored			
results/analysis_davis_policyA/quarantine_before_cold_drug/faithfulness_hyperattentiondti_davis_seed2.json	d7f3c5500fc795de6b0f468bf34172d2258e8dad91a827cf6362348ac8d003a0	6a1074315cdc83dafda5e8b7b59fff7a	1775	2026-09-14T00:36:29+05:30	ignored			
results/analysis_davis_policyA/quarantine_before_cold_drug/faithfulness_hyperattentiondti_davis_seed2.md	2a1f89bd98c4a19b03734948bbf4c0e53c294bc85e5fa7d9024b43eb74d6ba06	e83d3d8f53e5b6ae6e934f109d682df8	838	2026-09-14T00:36:29+05:30	ignored			
results/analysis_davis_policyA/quarantine_before_cold_drug/faithfulness_hyperattentiondti_davis_seed2.png	124ff2dfda8dcda8f3e8eb2ded87460bbfde0760369185959b5b50d6a4b155c1	ff7f8140470a2c407185f02c75817b6c	79157	2026-09-14T00:36:29+05:30	ignored			
results/analysis_davis_policyA/quarantine_before_cold_drug/faithfulness_hyperattentiondti_davis_seed3.json	dce0046bd2cb3ce94ac30540c0b72ba42c1ac5143f4b12eaa47ef1a0b15343f6	4c18fd9a60510c20fc4cbd7d15011c4b	1774	2026-09-14T00:52:06+05:30	ignored			
results/analysis_davis_policyA/quarantine_before_cold_drug/faithfulness_hyperattentiondti_davis_seed3.md	8a1b155d2e7252506c8a450300ca62d6ec610cbc5d196851543a2b2c844d23ad	2fe349d03032923127240c4cc0e52d92	838	2026-09-14T00:52:06+05:30	ignored			
results/analysis_davis_policyA/quarantine_before_cold_drug/faithfulness_hyperattentiondti_davis_seed3.png	53cd34c64aab4cadfff69a71f0d7a5d254d7cd4b1608b6200175168462d89bc2	323ec075ab51adc884d48e62d64eb988	75812	2026-09-14T00:52:06+05:30	ignored			
results/analysis_davis_policyA/run_all.log	af9c45815df12a9638e8602d10e8df220f0a7ab364dae904c8862d65e26e2416	026700361b685841e2ea29641b2e3eb1	88993	2026-09-20T14:32:30+05:30	ignored			
results/analysis_davis_policyA/token_faithfulness_moltrans_davis_seed1.json	73ac13a88ef921579ce1bb4c0ba8b7eea34b2f861171fa29ea0ae5e49c876461	980be35a092455b4c9b73344e7444741	1436	2026-09-14T15:12:03+05:30	ignored			
results/analysis_davis_policyA/token_faithfulness_moltrans_davis_seed1.md	1d5de26a842702b3152235b1243a6d5cbc5240a3187417030d025f6e13e547f8	a43cf26c39d129669c485c727d581225	1153	2026-09-14T15:12:03+05:30	ignored			
results/analysis_davis_policyA/token_faithfulness_moltrans_davis_seed2.json	35f6fd8f865549fdb479140b0d3459520d15b6ad82b3f9edfb28600f5cb2f60e	30758c2f10233db37a7d6d8beec309d9	1439	2026-09-14T15:15:51+05:30	ignored			
results/analysis_davis_policyA/token_faithfulness_moltrans_davis_seed2.md	67ce02a5d81aaf0b5e6106440e2860ab9691b6b7dbbcf5a897c6e0a014270f3a	ea0cf7599880dca5b9ddea89d6ca60a9	1153	2026-09-14T15:15:51+05:30	ignored			
results/analysis_davis_policyA/token_faithfulness_moltrans_davis_seed3.json	7d0032eb7b599796b1174a45f71d1904c2c130da13b9b06784bc556fc9a3edde	95943e88db99752e3cd16a8351e865d4	1429	2026-09-14T15:20:15+05:30	ignored			
results/analysis_davis_policyA/token_faithfulness_moltrans_davis_seed3.md	3727957eb60657bd6bb1f72533509b6ea11295306f6a5caa9ee110f25861f48f	03a5bd76f6d5a09df6dac1e71b03b5f3	1153	2026-09-14T15:20:15+05:30	ignored			
results/analysis_davis_policyA_klifs/headline_drugban_davis_seed1.png	c46814dd195b7759363066ddf4722b430e9e2cab64d749b8c610e943e4fdba05	5d2e687cef874fd277c2e28cc4f316df	159774	2026-09-19T17:13:00+05:30	ignored			
results/analysis_davis_policyA_klifs/headline_drugban_davis_seed2.png	4d402c4eb79a7731b0a61ae387bc9580e59ae30f9b0b64dc0d4fcb471a82857e	c13bae3640f336b6d8522c802d59db42	165630	2026-09-19T17:14:02+05:30	ignored			
results/analysis_davis_policyA_klifs/headline_drugban_davis_seed3.png	ac00839fd91cf54722c6ec299a52d6266854f0a30a19eaa465916220baee7d86	59b6e2f901713d8afa539c8224a3f1c7	161485	2026-09-19T17:16:28+05:30	ignored			
results/analysis_davis_policyA_klifs/ladder_davis_seed1.json	acde49a9bf7c462e39d17bd3e0de0c1f9a0167536a2992a3e88ffce3d70f5745	97e2644a2080ff7516848b712711ef7c	56098	2026-09-14T07:39:44+05:30	tracked-clean	2026-09-14T07:41:41+05:30		
results/analysis_davis_policyA_klifs/ladder_davis_seed1.md	448d012d5f18de67fe3bfb3f494d94a3953fead90ab0f1daca9c88d6aaa15b4d	c333eb29f1b18a29ef063471027d5998	463	2026-09-14T07:39:44+05:30	ignored			
results/analysis_davis_policyA_klifs/ladder_davis_seed2.json	50bd0920b5e6d477109132b4494024ec5e2c8f4679ba121172f8db08c31e00a7	59db24d96cd9116a1790f6bdac411420	56089	2026-09-14T07:42:03+05:30	tracked-clean	2026-09-14T10:33:29+05:30		
results/analysis_davis_policyA_klifs/ladder_davis_seed2.md	152594476f1e9e6081d2dd17f78cd540aeda9421535983f7d37b23b2e2184c6d	e4e736cc17d44ceb21ab24d83aca6614	463	2026-09-14T07:42:03+05:30	ignored			
results/analysis_davis_policyA_klifs/ladder_davis_seed3.json	de066e72de2f67cdc774466eb11bb14c5c332fb5347eed3c3cf510b6b036caef	8c9f39ec9f1fe91df0fe5aa567cee58c	56132	2026-09-14T07:44:13+05:30	tracked-clean	2026-09-14T10:33:29+05:30		
results/analysis_davis_policyA_klifs/ladder_davis_seed3.md	4a14fc0e47e340d963f1a292df55a0365b9c5bb24c93eac125de554fadc8c825	a475cffb1e8e79669ab64fd361b671f6	463	2026-09-14T07:44:13+05:30	ignored			
results/analysis_davis_policyA_klifs/ladder_drugban_davis_seed1.json	69e74ec231a3453cc4e7541dfee1c057c355c41bc98d6f4eca3d45df7daa6248	5962fc46f8b72cf57d214352b54f69b6	56083	2026-09-19T17:12:59+05:30	tracked-clean	2026-09-19T22:25:11+05:30		
results/analysis_davis_policyA_klifs/ladder_drugban_davis_seed1.md	8011e05c6856b9b0bbc2c86b06d542cc0cd32fd10c0df0157f88d4ae77634274	040eb74c885d30871c9e15229ea78521	467	2026-09-19T17:12:59+05:30	tracked-clean	2026-09-19T22:25:11+05:30		
results/analysis_davis_policyA_klifs/ladder_drugban_davis_seed2.json	aabaf54e4ee806bc10cec39e3577fa3edc0e14b381ab91e30de04d112af2f2cf	bd804e8164e867b001f942305e5e8a9c	56131	2026-09-19T17:14:02+05:30	tracked-clean	2026-09-19T22:25:11+05:30		
results/analysis_davis_policyA_klifs/ladder_drugban_davis_seed2.md	2cf4f6658bc2dc046fdadb3fd6f909231b918bdbdc2e470d065f8abbae25a946	ee336b13c359b4508d602701d87309a4	467	2026-09-19T17:14:02+05:30	tracked-clean	2026-09-19T22:25:11+05:30		
results/analysis_davis_policyA_klifs/ladder_drugban_davis_seed3.json	cb8cfbbfac94fbd472f339e4f9a7933b6d45c20293556400da0f4092bb67ade2	48649c0384ef6e8a8188db0e104dea8c	56071	2026-09-19T17:16:27+05:30	tracked-clean	2026-09-19T22:25:11+05:30		
results/analysis_davis_policyA_klifs/ladder_drugban_davis_seed3.md	e8f7598356680c04fe76c9c99279c3fd2c455c0e2e404c94e9d4cbb64bb930be	1937a3775ce71b3573852b7881efc95a	467	2026-09-19T17:16:27+05:30	tracked-clean	2026-09-19T22:25:11+05:30		
results/analysis_davis_policyA_klifs/ladder_hyperattentiondti_davis_seed1.json	40b45b53c422741b6380f1dd42b8146ae0e031753a5a2fe9079d7e13e7a4317b	a189bd8d29b94af1497edc2582524a09	56142	2026-09-14T07:45:45+05:30	tracked-clean	2026-09-14T10:33:29+05:30		
results/analysis_davis_policyA_klifs/ladder_hyperattentiondti_davis_seed1.md	923f2264fb0da840c1d753ef1e1fbcf24d6451611ac3e4c9cd362435c1b50a29	d27d5f4a704e0f5e6c0f4052a68eee31	480	2026-09-14T07:45:45+05:30	tracked-clean	2026-09-14T05:55:57+05:30		
results/analysis_davis_policyA_klifs/ladder_hyperattentiondti_davis_seed2.json	23b06eb0d7161b84b345a5f03e15a02336238a2711642018cebd6aed65286f6d	e34bcef4695fd43cb9a477e3832f05e0	56119	2026-09-14T07:47:17+05:30	tracked-clean	2026-09-14T10:33:29+05:30		
results/analysis_davis_policyA_klifs/ladder_hyperattentiondti_davis_seed2.md	c27808d865682cdf14ac7baf6a1827ca25a91e2fb926f2abf692c286d57df195	a7398b89fb3078042a8ce0bd65213f6d	480	2026-09-14T07:47:17+05:30	tracked-clean	2026-09-14T05:55:57+05:30		
results/analysis_davis_policyA_klifs/ladder_hyperattentiondti_davis_seed3.json	8e640f24c5a1d883ca6ccc9e5fad918786d207ea9bfcb3279c92ba05ab58b752	f6ee27cbc31851c5000b53f5e671c959	56103	2026-09-14T07:48:49+05:30	tracked-clean	2026-09-14T10:33:29+05:30		
results/analysis_davis_policyA_klifs/ladder_hyperattentiondti_davis_seed3.md	b99c4fe41736187ea76ec67bab6138a1bf155fc6440292b026e53dd1e582d2ba	1eb0b672e768e25e93a61bdf84ae001b	480	2026-09-14T07:48:49+05:30	tracked-clean	2026-09-14T10:33:29+05:30		
results/analysis_davis_policyA_klifs/ladder_moltrans_davis_seed1.json	eb2ca010ed0dc29e94aef9374c0ae87784bc32bf758a0a457cd481ca517bb3bd	d5df342c6e17a2476d5f0a38f0d53df3	55918	2026-09-14T07:52:02+05:30	tracked-clean	2026-09-14T10:33:29+05:30		
results/analysis_davis_policyA_klifs/ladder_moltrans_davis_seed1.md	83f184ea206a547681e3ac7ccbf8e7b6e08527a54690a742050a129ef650dd69	356dd2e5923f0959b657436f893f50ed	470	2026-09-14T07:52:02+05:30	tracked-clean	2026-09-14T07:23:04+05:30		
results/analysis_davis_policyA_klifs/ladder_moltrans_davis_seed2.json	4602dd3e58d846585d0bba9ed061a5ffcf9d7e1b6793801dd8af0667c53840e2	ea55a6d8c09361e3e1a80fc54bd79910	55993	2026-09-14T07:55:16+05:30	tracked-clean	2026-09-14T10:33:29+05:30		
results/analysis_davis_policyA_klifs/ladder_moltrans_davis_seed2.md	867542c349b8f67ac2fe88f4dff46647a948ed5e7e60cdd9331ee85d225d4ae3	52ddf28726c28938aca1c1b8a74b240f	472	2026-09-14T07:55:16+05:30	tracked-clean	2026-09-14T07:23:04+05:30		
results/analysis_davis_policyA_klifs/ladder_moltrans_davis_seed3.json	2f03d8086684ab6da3ba969c080f9fd4dc3dc8ba1f87651c4c82e4e46cf019a7	5972e63fd39b77752daef1c09c1a3d5f	55950	2026-09-14T07:58:29+05:30	tracked-clean	2026-09-14T10:33:29+05:30		
results/analysis_davis_policyA_klifs/ladder_moltrans_davis_seed3.md	e525c0fbbb981e36e8eabc5b664dad76cc74161127efc6bd2dc75c4ccffb1264	7b93bbc725561c054eb1b35440492dc4	469	2026-09-14T07:58:29+05:30	tracked-clean	2026-09-14T07:23:04+05:30		
results/analysis_kiba_policyA/RUN_NOTES.txt	911e83e4e49b3849871883e2bb4948ee5e2d98fe4b4b5d5f026cf56618512818	5337e57e6653d1435176b6963d7bf8da	4078	2026-09-19T17:23:23+05:30	tracked-clean	2026-09-19T22:25:11+05:30		
results/analysis_kiba_policyA/accuracy_hyperattentiondti_kiba_seed1.json	ec92a204a0c128d83db0707d4f63105964a451c2fed9c9b8ec9200748952a313	a3ce5d71435e9aaf492b42ea5711175f	111	2026-09-16T03:08:24+05:30	ignored			
results/analysis_kiba_policyA/accuracy_hyperattentiondti_kiba_seed2.json	813f56139ac2c8005c4b2426517bb3f7ace9f09964951e3dfa6f0151415d2cf3	6babb2b93cefb1b79034de735771a2b5	111	2026-09-16T03:08:24+05:30	ignored			
results/analysis_kiba_policyA/accuracy_hyperattentiondti_kiba_seed3.json	ef76374c9044f3b834e13e9c57628993190adedca714cd15c32d9691ff3184a0	87571cb226e667e794577088063948cc	111	2026-09-16T03:08:24+05:30	ignored			
results/analysis_kiba_policyA/accuracy_kiba_seed1.json	d355eb744435b2052b5f7a9639581003ff52b80146cc875b2df128fabeb97386	caa23f2839ee213bb160b697cc531a48	110	2026-09-19T16:35:38+05:30	ignored			
results/analysis_kiba_policyA/accuracy_kiba_seed2.json	75522f84903ac7ae430c17ebb5d00e08fdf0a08f2f9226efc620c3ff0b05f277	0ef9c8166a641bebb9b87edd3ace5780	111	2026-09-19T16:44:16+05:30	ignored			
results/analysis_kiba_policyA/accuracy_kiba_seed3.json	c6f8479913859168692c90e064871ea63837271c677f126b0758b8b4f2fbe566	200176669aaf55e77ac92902944adbdb	111	2026-09-19T16:53:23+05:30	ignored			
results/analysis_kiba_policyA/accuracy_moltrans_kiba_seed1.json	59bab4f975c473068d75bc100f381bca796c16c1e9aef9e9f19a3bb558223520	9a1760d3ff7d9da971a4fc820977bfa3	111	2026-09-16T03:08:24+05:30	ignored			
results/analysis_kiba_policyA/accuracy_moltrans_kiba_seed2.json	902ad413987c7154643a118b005d8e2fac2daca847a643c4b54398cd4403fdd2	c6a4172d5c5b5d82d9b8eb53c140d6d5	111	2026-09-16T03:08:24+05:30	ignored			
results/analysis_kiba_policyA/accuracy_moltrans_kiba_seed3.json	3e347dcc978e7f6846dadff98a3e3e54f8630ac634f07436fe55e8d9e7b9b2a8	8630f8746c9f4c72edd269feb7550743	111	2026-09-16T03:08:24+05:30	ignored			
results/analysis_kiba_policyA/analysis_summary_kiba.md	92006fb94f46d4c733c94d88746889ab45c75f17ae9d570155eacc7483ff4e07	65a03ddeb2a2e74c5a29e9a2078064f0	3666	2026-09-16T03:08:24+05:30	tracked-clean	2026-09-16T03:08:48+05:30		
results/analysis_kiba_policyA/audit_kiba_binary.json	4f40bd5f22a53185a07c149ca5fbb2178bc4d88d407b961a219203887f00438d	a6a2675fb5f140ee8bbc0c973f15b90a	9649	2026-09-19T17:11:35+05:30	tracked-clean	2026-09-19T22:25:11+05:30		
results/analysis_kiba_policyA/audit_kiba_binary.md	4a04933afd8fe2563cd6b6fa2477da0d3698b1e36941fbae003ca574cdfd193e	59dbf21b8c7c9c2ff56b37dcec441925	4411	2026-09-19T17:23:23+05:30	tracked-clean	2026-09-19T22:25:11+05:30		
results/analysis_kiba_policyA/audit_kiba_binary.superseded_6cell_family.json	c7345a7df82a129742bc867d3ef6f5ef4d80433319e9fd405d69c9168add004e	773c00a23a20da8a11b4ab77f2aac8b9	8591	2026-09-16T03:08:24+05:30	ignored			
results/analysis_kiba_policyA/audit_kiba_binary.superseded_6cell_family.md	ed7de0d427e4a0667e206c7ee1ae4cd377664f28c101dd861b8c5ba003678a53	f67d9ff98bff507ec21c81267d2ef477	4567	2026-09-16T03:08:24+05:30	ignored			
results/analysis_kiba_policyA/audit_kiba_binary.superseded_uniform_at_4_levels.json	38ac93b29b9b73ca201b5b0733830d42a8471951c92b66e0084a749644da97b0	5243834d072bede6ea470056bc379f1b	8462	2026-09-16T03:08:24+05:30	ignored			
results/analysis_kiba_policyA/audit_kiba_binary.superseded_uniform_at_4_levels.md	b6614b62096b7d953a89b0255667d1ca866bd5542cc1876e0601716c8f044f34	64d93e1f8978a1c846647b3a6d1e54e4	3460	2026-09-16T03:08:24+05:30	ignored			
results/analysis_kiba_policyA/audit_kiba_binary_10k_permutations.json	ab4cc4286937d63a698ac4023dc462d368c549345c5507b31e31a6a2935eddff	cb17c89054ac2e4f5c7e97c1b356cc80	9653	2026-09-19T22:07:23+05:30	tracked-clean	2026-09-19T22:25:11+05:30		
results/analysis_kiba_policyA/audit_kiba_binary_10k_permutations.md	e3e6ab6d99d071e12b7579f28ffc9cc0b4aca2d5d721fde97877216fba4edc19	b557e9480502a36ca83fc00c39c3a8da	4412	2026-09-19T22:07:23+05:30	tracked-clean	2026-09-19T22:25:11+05:30		
results/analysis_kiba_policyA/control_coldsite_dti_kiba_seed1.json	3c6e21a0ec89356bb8a4e6e4167b32a1dee4380268d2d66fe1744232340de827	438b4e28158610a3964e6169d1c14e2d	2585	2026-09-19T22:08:45+05:30	ignored			
results/analysis_kiba_policyA/control_coldsite_dti_kiba_seed1.md	05934150ba0c8d311c9646d4055b7c58cc6d524bd70d1d54a42bc1029fa85752	02ec287d74c2d7cad80c217ad09a2f5c	1121	2026-09-19T22:08:45+05:30	ignored			
results/analysis_kiba_policyA/control_coldsite_dti_kiba_seed1_noions.json	afd1b679dc87229996a2c1ea8e52384657028d4856e8ee46f90337a46f9379b8	77bc36e8bd6f80644eb657d358bf0cc6	2644	2026-09-19T22:08:09+05:30	ignored			
results/analysis_kiba_policyA/control_coldsite_dti_kiba_seed1_noions.md	05934150ba0c8d311c9646d4055b7c58cc6d524bd70d1d54a42bc1029fa85752	02ec287d74c2d7cad80c217ad09a2f5c	1121	2026-09-19T22:08:09+05:30	tracked-clean	2026-09-19T22:25:11+05:30		
results/analysis_kiba_policyA/control_coldsite_dti_kiba_seed2.json	622e88f481dad4a0a6df17d81a74faffbd9cf2bd62ab0d30033667af5635d5ff	ae1483e447206833c32e13967c956eee	2546	2026-09-19T22:09:59+05:30	ignored			
results/analysis_kiba_policyA/control_coldsite_dti_kiba_seed2.md	ff0395e04f634e5804141c2c884a50cb2632f68179e86cf535a7271a09cec8a4	cc44a55e0cc22178b821e914e301b583	1122	2026-09-19T22:09:59+05:30	ignored			
results/analysis_kiba_policyA/control_coldsite_dti_kiba_seed2_noions.json	7842acb074341ab46bf584bd2b44a7381cb64acf947fa21c13658c238b84a6de	90f738d72e5a09e3a0c86fbc3c38eef9	2645	2026-09-19T22:09:22+05:30	ignored			
results/analysis_kiba_policyA/control_coldsite_dti_kiba_seed2_noions.md	27287a4fd6d722105e6afaca0bf8a1af2f2720e0a16912e4f8f858680efe71d1	5f86809fecd18b2e8445363fde0f3f61	1122	2026-09-19T22:09:22+05:30	tracked-clean	2026-09-19T22:25:11+05:30		
results/analysis_kiba_policyA/control_coldsite_dti_kiba_seed3.json	aacc341ebe25f03a043855a71af327b8e738eb52067569c51ffce36973df42df	86cc37ce8536037b4099ce6b0a4fb08e	2599	2026-09-19T22:11:13+05:30	ignored			
results/analysis_kiba_policyA/control_coldsite_dti_kiba_seed3.md	04795d45d3645f78e758f12b326f22bb08943dccd5b25bb76dc95215b433210c	b29faba26cccea08e782a9f630b0758f	1121	2026-09-19T22:11:13+05:30	ignored			
results/analysis_kiba_policyA/control_coldsite_dti_kiba_seed3_noions.json	6a66fc776770441b27c99289385dcda32bbaaa04cc9d2d333e9a056713b8ba19	8ea14918417e0c4997fc402bfec31d5b	2658	2026-09-19T22:10:36+05:30	ignored			
results/analysis_kiba_policyA/control_coldsite_dti_kiba_seed3_noions.md	04795d45d3645f78e758f12b326f22bb08943dccd5b25bb76dc95215b433210c	b29faba26cccea08e782a9f630b0758f	1121	2026-09-19T22:10:36+05:30	tracked-clean	2026-09-19T22:25:11+05:30		
results/analysis_kiba_policyA/control_hyperattentiondti_kiba_seed1.json	e3f6025562721748320199eb696ee616d6d161594088a450e81e4c47f47c4db9	2e3cc41e2b363c4880eff33e213cbf0c	2679	2026-09-16T03:08:24+05:30	ignored			
results/analysis_kiba_policyA/control_hyperattentiondti_kiba_seed1.md	13d188944f0b36359d4856626319a17a6117d8b44d9ca8acc2bf87e7bb5cfe0a	53f9b657c12d792e32f2cd194fccb7df	1162	2026-09-16T03:08:24+05:30	tracked-clean	2026-09-16T03:08:48+05:30		
results/analysis_kiba_policyA/control_hyperattentiondti_kiba_seed1_noions.json	c0fbd96bebc40f26856fbcfcd354155b843e5eb1a9f668831e045a0ce915bf1d	d44d2b32516b70dc66c5b7a1877c25f6	2737	2026-09-16T03:08:24+05:30	ignored			
results/analysis_kiba_policyA/control_hyperattentiondti_kiba_seed1_noions.md	13d188944f0b36359d4856626319a17a6117d8b44d9ca8acc2bf87e7bb5cfe0a	53f9b657c12d792e32f2cd194fccb7df	1162	2026-09-16T03:08:24+05:30	tracked-clean	2026-09-16T03:08:48+05:30		
results/analysis_kiba_policyA/control_hyperattentiondti_kiba_seed2.json	9e5b1b96d65bb19ac03d3b18c1047addfaaeed4ec0b7b4d8c2c5cf931cb5b68f	6bfefc91b00dd28a4e48bf09849064b2	2653	2026-09-16T03:08:24+05:30	ignored			
results/analysis_kiba_policyA/control_hyperattentiondti_kiba_seed2.md	e2da86ae39177e4f0f28b27dc847c6b02bd8db657804f5f37b9cb5fcffbba7de	0b297697616638412fda852d18e85e3e	1162	2026-09-16T03:08:24+05:30	tracked-clean	2026-09-16T03:08:48+05:30		
results/analysis_kiba_policyA/control_hyperattentiondti_kiba_seed2_noions.json	b1aca8831d0db7e7780836002b0ad9f1c6ca1ef2e43c33920615ce31f1a807c2	fac8685e4b0bf421687cf2a2457c4478	2733	2026-09-16T03:08:24+05:30	ignored			
results/analysis_kiba_policyA/control_hyperattentiondti_kiba_seed2_noions.md	f84fcdb6d7fe226c41a2ed878cf3d034ba2783602acfa6a89f0e14e1f56d5b76	840f859485497c2c7a956a5d5e069e05	1162	2026-09-16T03:08:24+05:30	tracked-clean	2026-09-16T03:08:48+05:30		
results/analysis_kiba_policyA/control_hyperattentiondti_kiba_seed3.json	91888432f542e6a69e911e5b4039e9667785129c7ae2e309259bd66f96c99fa9	4684bf6203de8bb238fbcb400b42519d	2675	2026-09-16T03:08:24+05:30	ignored			
results/analysis_kiba_policyA/control_hyperattentiondti_kiba_seed3.md	b526dc9cfe00911eec73809dc610364b1bc129c5f51b37a8c164b06ae62cbf47	472c7005c52719f6449778407f591c0b	1163	2026-09-16T03:08:24+05:30	tracked-clean	2026-09-16T03:08:48+05:30		
results/analysis_kiba_policyA/control_hyperattentiondti_kiba_seed3_noions.json	74e017a66cd76b2a2907b49d6e239f45e678f430126f720f535e8c43d4a6e4be	26f9a4abe36925c8cfda38b5a19d21b0	2735	2026-09-16T03:08:24+05:30	ignored			
results/analysis_kiba_policyA/control_hyperattentiondti_kiba_seed3_noions.md	b526dc9cfe00911eec73809dc610364b1bc129c5f51b37a8c164b06ae62cbf47	472c7005c52719f6449778407f591c0b	1163	2026-09-16T03:08:24+05:30	tracked-clean	2026-09-16T03:08:48+05:30		
results/analysis_kiba_policyA/control_moltrans_kiba_seed1.json	6aabf6f5444a2a29323cda16309808bf7371602412bac4186781342dab9fe059	9c6a8f9fdb2ffa3f954aa664fd28c70c	2632	2026-09-16T03:08:24+05:30	ignored			
results/analysis_kiba_policyA/control_moltrans_kiba_seed1.md	8acb6425a02ca8dd63dd2088e9b8be0a2b3eabd8fd3d0d50ed1152b5c14708f1	d87dc7cc38be5b90eecd0856ac1509df	1135	2026-09-16T03:08:24+05:30	tracked-clean	2026-09-16T03:08:48+05:30		
results/analysis_kiba_policyA/control_moltrans_kiba_seed1_noions.json	489087a7e57b2a13abf9e0fdfd17d6c9394e30f948455b4b66bd69a3cf34c63a	3ae010c730130a943d08c4ec4f5a1a25	2690	2026-09-16T03:08:24+05:30	ignored			
results/analysis_kiba_policyA/control_moltrans_kiba_seed1_noions.md	8acb6425a02ca8dd63dd2088e9b8be0a2b3eabd8fd3d0d50ed1152b5c14708f1	d87dc7cc38be5b90eecd0856ac1509df	1135	2026-09-16T03:08:24+05:30	tracked-clean	2026-09-16T03:08:48+05:30		
results/analysis_kiba_policyA/control_moltrans_kiba_seed2.json	b81e8e64f10bc34c38408158f0986db092e4e40b11e6361273a2108447133acd	4f0270f7b15867864575df2912389173	2606	2026-09-16T03:08:24+05:30	ignored			
results/analysis_kiba_policyA/control_moltrans_kiba_seed2.md	5c2c582ef0918c19df4fa12e9dde3f158d7e3e24e0d7ca024c48ec60f6c9ee20	47fd205ec3090523a95504269789e71d	1137	2026-09-16T03:08:24+05:30	tracked-clean	2026-09-16T03:08:48+05:30		
results/analysis_kiba_policyA/control_moltrans_kiba_seed2_noions.json	448d5b3896a871479fdb58d4f60dbdb1d038ebc8f2acb5752d9c7ea1c4cc5108	10213f7db73fa881481157298f968173	2687	2026-09-16T03:08:24+05:30	ignored			
results/analysis_kiba_policyA/control_moltrans_kiba_seed2_noions.md	f35c2e95c6c21d7f5b94affdab609cadacd2378bd0a7a0aea856e94719e16963	b0abec14fabf0f7b20c19195d9888f95	1137	2026-09-16T03:08:24+05:30	tracked-clean	2026-09-16T03:08:48+05:30		
results/analysis_kiba_policyA/control_moltrans_kiba_seed3.json	4ce55aac9088a2e2e2c75a1bcd8ae3cab8c28e905f3272ca8d45cfd8364080cc	573dd1c20f897676127c142be1cf0950	2632	2026-09-16T03:08:24+05:30	ignored			
results/analysis_kiba_policyA/control_moltrans_kiba_seed3.md	3d57ff2ca8c97155d2850eb71b7529244fa36b7367dd131b22702c232137b37a	bd37b8081ceba946d907cf39d5425ace	1135	2026-09-16T03:08:24+05:30	tracked-clean	2026-09-16T03:08:48+05:30		
results/analysis_kiba_policyA/control_moltrans_kiba_seed3_noions.json	8fd5308013702b9673e44ec0bad98944f5392a82159f5402b8a8386c63b88f4b	9da73128a5b636168677d3a97df67076	2690	2026-09-16T03:08:24+05:30	ignored			
results/analysis_kiba_policyA/control_moltrans_kiba_seed3_noions.md	3d57ff2ca8c97155d2850eb71b7529244fa36b7367dd131b22702c232137b37a	bd37b8081ceba946d907cf39d5425ace	1135	2026-09-16T03:08:24+05:30	tracked-clean	2026-09-16T03:08:48+05:30		
results/analysis_kiba_policyA/faithfulness_hyperattentiondti_kiba_seed1.json	297c0ff9356a5916e06d66d40b5bd9e2e941a89c272b1079a78452a9961e556a	2d67507b213a9b34a174a2d2bf5b6d53	1325	2026-09-16T03:08:24+05:30	ignored			
results/analysis_kiba_policyA/faithfulness_hyperattentiondti_kiba_seed1.md	232d2ee4e5cada48c817de00cf1cd95c49288ec36d2ac29bad2cee6dd59f5fcb	fbb368f9786f5b9ad1bf74f32361fc77	751	2026-09-16T03:08:24+05:30	tracked-clean	2026-09-16T03:08:48+05:30		
results/analysis_kiba_policyA/faithfulness_hyperattentiondti_kiba_seed1.png	0726ac65dbe7d4e80279ea319d6f02fbc03652c713d45e249aa2916cae28bed2	0e66f528c81248c9ce19c4a11db04a31	74767	2026-09-16T03:08:24+05:30	ignored			
results/analysis_kiba_policyA/faithfulness_hyperattentiondti_kiba_seed2.json	dabbb38a651e7b66efc0265d2bf7f5a41822632f50bfd9f2dc84b76f2e7c9419	f892d441c8cb6586f356d1de2ed1dd4f	1321	2026-09-16T03:08:24+05:30	ignored			
results/analysis_kiba_policyA/faithfulness_hyperattentiondti_kiba_seed2.md	49b844fbc4071b3ce393cc14b38a54e81b5204e8e684d46ebad4c88e696b1c01	0dc5174947187bc7745dfdef977e8ff2	751	2026-09-16T03:08:24+05:30	tracked-clean	2026-09-16T03:08:48+05:30		
results/analysis_kiba_policyA/faithfulness_hyperattentiondti_kiba_seed2.png	47229e981d133548408748da402100325d5cc68347821a9ce22fd582c4c6e0b6	ef83b1f2ed5875c4cacc0d1cb59285f0	76107	2026-09-16T03:08:24+05:30	ignored			
results/analysis_kiba_policyA/faithfulness_hyperattentiondti_kiba_seed3.json	d0219e47ae5243b05cd39700860b2d1febdb4545148cc63af90d566979fa4ea8	8b21e2c972be5fe77c8885b9b1da6012	1322	2026-09-16T03:08:24+05:30	ignored			
results/analysis_kiba_policyA/faithfulness_hyperattentiondti_kiba_seed3.md	64a588b718f2fb0a55882d4767b4455490c1d74956e9a363fc93469d5c771cf1	588a82d689f9f183b1bc57d93167af4b	751	2026-09-16T03:08:24+05:30	tracked-clean	2026-09-16T03:08:48+05:30		
results/analysis_kiba_policyA/faithfulness_hyperattentiondti_kiba_seed3.png	e4d4a86eda35825367cfb161e5cf2f77cf71b6e51bb301513bb77b7b3b0bf865	ba623e0edad8e83f45da30885a405537	80276	2026-09-16T03:08:24+05:30	ignored			
results/analysis_kiba_policyA/faithfulness_kiba_seed1.json	d2bb93c466ddc51b23de94a88d49463fb5aa78fe1f9a891aca4376f414cecd89	3d3f858f04149d71aac4ae09b9a6dcb6	1310	2026-09-19T16:35:38+05:30	ignored			
results/analysis_kiba_policyA/faithfulness_kiba_seed1.md	e4304c899b1441b50731e6ce00472123daf812dcdb4bbc97602440c1aa7aa6c0	81285f9be5b18ed4b4296ab982fbb836	733	2026-09-19T16:35:38+05:30	tracked-clean	2026-09-19T22:25:11+05:30		
results/analysis_kiba_policyA/faithfulness_kiba_seed1.png	1613ed37b02e2330c578d7fd0558613a62a2274fd13703fbab7229219315eae3	14c2f91e0f376e747049cac8f7bc6ea2	76669	2026-09-19T16:35:38+05:30	ignored			
results/analysis_kiba_policyA/faithfulness_kiba_seed2.json	0cdc95e22120ae61f31387c64c27a067291f24df9b78647217374c514b21842e	48500af2c63e3b236da13f362a8bd75b	1312	2026-09-19T16:44:16+05:30	ignored			
results/analysis_kiba_policyA/faithfulness_kiba_seed2.md	6b190976a08d78028f00429dd9757cdbbba3e97f2b19212a2e1642b31160783d	a7bcdaf66a0d3a8cf65110e64b919be8	733	2026-09-19T16:44:16+05:30	tracked-clean	2026-09-19T22:25:11+05:30		
results/analysis_kiba_policyA/faithfulness_kiba_seed2.png	2f09107a61194fe0f63c58efe72433193337df532e5ddabe73201cb3bdd0e331	b6fb030a7c6383123ca6da56f1b77b66	71882	2026-09-19T16:44:16+05:30	ignored			
results/analysis_kiba_policyA/faithfulness_kiba_seed3.json	3895a5bdccabe1907ce14d36f0d354da48e1608fee63eed7ea97d71e1dc23de0	aeeeeed4f51daecb522d5c4f8c000714	1313	2026-09-19T16:53:22+05:30	ignored			
results/analysis_kiba_policyA/faithfulness_kiba_seed3.md	a77da1a9a68db42af05f67b386371a751289a01c84a13fe800fec13d4c449732	806f9321fdc37a34ea18c704b983a644	733	2026-09-19T16:53:22+05:30	tracked-clean	2026-09-19T22:25:11+05:30		
results/analysis_kiba_policyA/faithfulness_kiba_seed3.png	ec556da25013217feb5c2419b23401d297edaac4b9f65c2e16dfbc357df5133f	8aa65262e1793ab97f5883ac8570dc84	72551	2026-09-19T16:53:23+05:30	ignored			
results/analysis_kiba_policyA/faithfulness_moltrans_kiba_seed1.json	38a4e026d9071e4e71154a10ff5bb4434cca4a68e240e05c91e0b5ada7d263b3	fe54899d1212a4783bb9b95ff941867c	1312	2026-09-16T03:08:24+05:30	ignored			
results/analysis_kiba_policyA/faithfulness_moltrans_kiba_seed1.md	06fc0bb4a981e9a4d858ac6c4cbbddbebc18fb67abd6321015a43dc1bd440350	d8d281feae3f9d6881a55163dfa88898	746	2026-09-16T03:08:24+05:30	tracked-clean	2026-09-16T03:08:48+05:30		
results/analysis_kiba_policyA/faithfulness_moltrans_kiba_seed1.png	68b2898dbce0a5412616f79ace094d5b7857a59ceb4578002c729040ed10f4a8	1b81b13817ab9e37f14d31c0d2d9c4eb	69213	2026-09-16T03:08:24+05:30	ignored			
results/analysis_kiba_policyA/faithfulness_moltrans_kiba_seed2.json	67d52b2742f4c328550586cb978b7930dbf1f3fa9c5f21125e6e9bba728a2f64	3320cf8e12d4725849ff4787420eceed	1312	2026-09-16T03:08:24+05:30	ignored			
results/analysis_kiba_policyA/faithfulness_moltrans_kiba_seed2.md	9174b91ea406ac30d58f18796b42516c40ae74ec007bad735ad8ba6c5e63027a	9993e5a214c8acad66b514aa3c2f94db	750	2026-09-16T03:08:24+05:30	tracked-clean	2026-09-16T03:08:48+05:30		
results/analysis_kiba_policyA/faithfulness_moltrans_kiba_seed2.png	436caa2e052c364fa113b0dd9f184c546c43b656d54d0d2469ac6d35efa0b3d0	a70238effbdc057339e8f68e5299a1a6	70775	2026-09-16T03:08:24+05:30	ignored			
results/analysis_kiba_policyA/faithfulness_moltrans_kiba_seed3.json	69321667d6db7458e52fa0a7641bbc921d384fae65762b8884158192fbb82d5c	ef6b152387c548a3eeb2e94524b37fee	1310	2026-09-16T03:08:24+05:30	ignored			
results/analysis_kiba_policyA/faithfulness_moltrans_kiba_seed3.md	c46cb481475f4c7afae089c1df025921c7419d0400493a668eed27096ab69efa	c9ed4fbde9ba12deca74aab48e39b1d6	746	2026-09-16T03:08:24+05:30	tracked-clean	2026-09-16T03:08:48+05:30		
results/analysis_kiba_policyA/faithfulness_moltrans_kiba_seed3.png	4b099f1d0b1e7ca8ee093dc46e1d82b767ee4b49f67625e9aa8b74129c193e73	cc5fc3ae0b5a4198f928a38fce064998	70667	2026-09-16T03:08:24+05:30	ignored			
results/analysis_kiba_policyA/ig/ladder_hyperattentiondti_ig_kiba_seed1.json	2fbe58905baf0fa6eeb479fc2aae96524b2b93301b2eb7db8f16834b073f59de	26982be0044c737e818e90b6bd054e0e	28471	2026-09-18T00:37:37+05:30	ignored			
results/analysis_kiba_policyA/ig/ladder_hyperattentiondti_ig_kiba_seed1.md	3389858f72201bc1904072ed34746b9e3c8c537a2d736ff1909178a3183aed36	d9096aabc976a7fbde92865da02a5dc6	360	2026-09-18T00:37:37+05:30	tracked-clean	2026-09-18T00:38:30+05:30		
results/analysis_kiba_policyA/ig/ladder_hyperattentiondti_ig_kiba_seed2.json	c1b18f787fa8c3f6d6f4baac3aca30a0a30ef861506221d72148e1b451e0e2c2	2765a49934e6c7e0ca78d2f9916877bb	28416	2026-09-18T00:37:37+05:30	ignored			
results/analysis_kiba_policyA/ig/ladder_hyperattentiondti_ig_kiba_seed2.md	821f48e03db653e485a392db6fdaefbcffae6821053b12a11349b6769abd2cb0	2aaec7509626bfcd1658b6bcf5b6b56d	360	2026-09-18T00:37:37+05:30	tracked-clean	2026-09-18T00:38:30+05:30		
results/analysis_kiba_policyA/ig/ladder_hyperattentiondti_ig_kiba_seed3.json	71ef4d34c742f66c81cfbcc02f34a76d56959ace9aab5464f02f750ea4b0ee4b	d64f600790d5532cada6ad53bdd96284	28510	2026-09-18T00:37:37+05:30	ignored			
results/analysis_kiba_policyA/ig/ladder_hyperattentiondti_ig_kiba_seed3.md	3b327794442b2632cc588b090fab28a777ac42bdf18614cf29092d56d6807084	a08b7820960d17c30cc1cae3ae09f3a8	361	2026-09-18T00:37:37+05:30	tracked-clean	2026-09-18T00:38:30+05:30		
results/analysis_kiba_policyA/ig/ladder_moltrans_ig_kiba_seed1.json	c3a0f966cea1e61ced5ce6670c06e554764c5859f97c342f8f8ca17c42934142	66bff17292570bcc01c98c107bcbdd40	28443	2026-09-18T00:37:37+05:30	ignored			
results/analysis_kiba_policyA/ig/ladder_moltrans_ig_kiba_seed1.md	f0fd0d92536343ecacb743e27e1b41467553791c83b3dc6266e23b93387fd302	04143deace0905f91a29223833b9b4c0	351	2026-09-18T00:37:37+05:30	tracked-clean	2026-09-18T00:38:30+05:30		
results/analysis_kiba_policyA/ig/ladder_moltrans_ig_kiba_seed2.json	fe3b9da4a0abd1e6132dcd58b67ee53716b9df18417c08402b692b424b5a9507	32691ca61c9e74076fb0c61bfa52ef50	28492	2026-09-18T00:37:37+05:30	ignored			
results/analysis_kiba_policyA/ig/ladder_moltrans_ig_kiba_seed2.md	ee3a3496d96a55a3e7de36acbed0c5039d1fb5f555eeda3b0db699a0868062f1	aafa5a8ee49a3976ec3c27dea23f0f91	352	2026-09-18T00:37:37+05:30	tracked-clean	2026-09-18T00:38:30+05:30		
results/analysis_kiba_policyA/ig/ladder_moltrans_ig_kiba_seed3.json	9b9ef9e999a3cdb0b21902cdfeeec67f8cd0691ad7e066d96fe1877f600e5222	64367b478eb36cfc15749ba221ddbe19	28426	2026-09-18T00:37:37+05:30	ignored			
results/analysis_kiba_policyA/ig/ladder_moltrans_ig_kiba_seed3.md	0db6aa35f01833ad6816d6db6d61a746015761a4938718b67a4039b5dc48c8ab	0da917bfb0780cdedcdc39914577ee70	350	2026-09-18T00:37:37+05:30	tracked-clean	2026-09-18T00:38:30+05:30		
results/analysis_kiba_policyA/ig_family_kiba.md	a823b88cd7e666179ab5b738725eec1a683249331bb2b88730f57469383e42ec	d9790460ffafcae384e947bb2b592bfd	945	2026-09-18T00:34:20+05:30	tracked-clean	2026-09-18T00:38:30+05:30		
results/analysis_kiba_policyA/ladder_hyperattentiondti_kiba_seed1.json	0b37e8dabbcd7a17ea17d73697c86631cb5f5eeff830c325d45c5357524a3bbf	9a9c381de5148b63880da99116809eb1	28476	2026-09-16T03:08:24+05:30	ignored			
results/analysis_kiba_policyA/ladder_hyperattentiondti_kiba_seed1.md	94d38d3c6d0ab1cdb2bc64019e940fd31c3abb095df7a784abca8bb65deaec08	aa23c2a8cab598c7fee98d131b00d519	356	2026-09-16T03:08:24+05:30	tracked-clean	2026-09-16T03:08:48+05:30		
results/analysis_kiba_policyA/ladder_hyperattentiondti_kiba_seed2.json	f0bcdf7e963cd2c7f72d3f6bf868eb466d1772ef324f9b464ab661b68e552bc4	6df60b12fa22b343cd67599b869481df	28486	2026-09-16T03:08:24+05:30	ignored			
results/analysis_kiba_policyA/ladder_hyperattentiondti_kiba_seed2.md	0aa8a1dc440df9483cfc6b90b321e75dd01a543df428ef8e69c80ccc75eace26	e7353deabbfb9dd0136f3db2c232e126	356	2026-09-16T03:08:24+05:30	tracked-clean	2026-09-16T03:08:48+05:30		
results/analysis_kiba_policyA/ladder_hyperattentiondti_kiba_seed3.json	d3152e85631dc34dbd5b9494845fb6c5788b8dc5018f864685b42d25f9edfce3	e3cf97cf70c835eb1c03a4395c315051	28514	2026-09-16T03:08:24+05:30	ignored			
results/analysis_kiba_policyA/ladder_hyperattentiondti_kiba_seed3.md	be30f429caad319e7be5d067004cd43c1ef2e88b0d28200ff131527802c1cdee	a9243055a2759ec1e633aa194632cbec	357	2026-09-16T03:08:24+05:30	tracked-clean	2026-09-16T03:08:48+05:30		
results/analysis_kiba_policyA/ladder_kiba_seed1.json	746fe46531e4833e9af66f303a6f408efb0f464beb3bb9d1f70703ad8e875feb	c35f7d10e665c516985020e8a436b85f	28454	2026-09-19T16:54:14+05:30	tracked-clean	2026-09-19T22:25:11+05:30		
results/analysis_kiba_policyA/ladder_kiba_seed1.md	4d7ddc82d263767e4a2af9bfa1985a03815a8c867f55e2c98db5d15552dfbc81	fbcd42af40636d26cedf317c5483c190	338	2026-09-19T16:54:14+05:30	tracked-clean	2026-09-19T22:25:11+05:30		
results/analysis_kiba_policyA/ladder_kiba_seed2.json	29028fcb0824a1c53cc4bb87c8bfdf11e62845622f5823a2f8256e5e06c82530	2d5bbcd7aa3bc67cf8b709f71d7f7661	28431	2026-09-19T16:55:03+05:30	tracked-clean	2026-09-19T22:25:11+05:30		
results/analysis_kiba_policyA/ladder_kiba_seed2.md	9cf31ce92f14602d60cb0daf29392773afa28ea81284ebbe7a5ac7138c9d5ec9	e1fa45ed83f2fabf7e6e50558e311cc2	338	2026-09-19T16:55:03+05:30	tracked-clean	2026-09-19T22:25:11+05:30		
results/analysis_kiba_policyA/ladder_kiba_seed3.json	39da7101e2a2eb0294f06ea3f3829606e5f92a31c1130a9f36b25b52a48c25fd	d9e5df73c87d41ca2a739a9b6facab52	28471	2026-09-19T16:55:53+05:30	tracked-clean	2026-09-19T22:25:11+05:30		
results/analysis_kiba_policyA/ladder_kiba_seed3.md	faf9a63236fd528baf4504dc84257388d84e09c84ea6cd417435f74e1232f8de	6388082b94a696ec8ef3c30c10e31dcd	338	2026-09-19T16:55:53+05:30	tracked-clean	2026-09-19T22:25:11+05:30		
results/analysis_kiba_policyA/ladder_moltrans_kiba_seed1.json	00efd3a70d5a6005a996e8d9696c975d85d25e773c2f21451d704040584d52d4	1217ec54a42b68f32df4ecd24f63d62a	28428	2026-09-16T03:08:24+05:30	ignored			
results/analysis_kiba_policyA/ladder_moltrans_kiba_seed1.md	d743d6d45e246726b7f76b4874dedfd2901a2073a34bf4cc0f377ef4e1b16e0d	a3d293e8e7e647d50e06f230c5998d72	347	2026-09-16T03:08:24+05:30	tracked-clean	2026-09-16T03:08:48+05:30		
results/analysis_kiba_policyA/ladder_moltrans_kiba_seed2.json	42f87535a0627de8541dc85247d4366026555b827c2b27b50966e95d8adca3ba	2ec2d25eef74a8015cc04c129c21b578	28517	2026-09-16T03:08:24+05:30	ignored			
results/analysis_kiba_policyA/ladder_moltrans_kiba_seed2.md	f9707cc4b52add9bb648f3dae2ec2e4f6b58d0eabc583ef3081b79848b7c33f5	078cf607475c91fa76fe3f36510d0095	349	2026-09-16T03:08:24+05:30	tracked-clean	2026-09-16T03:08:48+05:30		
results/analysis_kiba_policyA/ladder_moltrans_kiba_seed3.json	cd40f2be13946d9c070108f21b749f272711190bf6f8003eefd718c358e3b568	2834959fa2276058c27d473da3329bec	28401	2026-09-16T03:08:24+05:30	ignored			
results/analysis_kiba_policyA/ladder_moltrans_kiba_seed3.md	acd5ba9a457f445361cdef6f68cc5354e71e2417d576ba0336bddd90e3724cd8	98e6eecff246c95bfaa1269b7d1e936c	347	2026-09-16T03:08:24+05:30	tracked-clean	2026-09-16T03:08:48+05:30		
results/analysis_kiba_policyA/positional_control_coldsite_dti_kiba_klifs_policyA.json	7126f4e8a4a297c666ef3ffa07603af35921e33209d53fd942edcfd9e5ea76c8	0648c368ef3cacd30e975cd10414a781	19484	2026-09-19T22:23:30+05:30	ignored			
results/analysis_kiba_policyA/positional_control_coldsite_dti_kiba_klifs_policyA.md	987b3da2ce63ee111c17d0362fc8c8c476e3092f64dd464091cc6022f3df968e	fd2b6a24f4991743d53f93e622bbfe75	2687	2026-09-19T22:23:30+05:30	tracked-clean	2026-09-19T22:25:11+05:30		
results/analysis_kiba_policyA/positional_control_hyperattentiondti_kiba_klifs_policyA.json	aab64e3e0dfaf99e6f42d7ac60966ecd5fbb38b3f4c238328f6880b2ac1e0718	182608342538c78ea36893ffc82969dd	19582	2026-09-16T03:08:24+05:30	ignored			
results/analysis_kiba_policyA/positional_control_hyperattentiondti_kiba_klifs_policyA.md	93b07df7f54fe6ccc09f42435cad6a2d681e1f21efead74f152e374e94865869	4e66d35ff4705fc43a7f2981ac43e127	2699	2026-09-16T03:08:24+05:30	tracked-clean	2026-09-16T03:08:48+05:30		
results/analysis_kiba_policyA/positional_control_hyperattentiondti_kiba_policyA.json	4110b1c5bffa7e37afbe50dc2e0d82b5f79688e03a2e518e4b8e4026db3e40f9	055693be3ba01c0c321c6a4efa08f94a	19513	2026-09-16T03:08:24+05:30	ignored			
results/analysis_kiba_policyA/positional_control_hyperattentiondti_kiba_policyA.md	2e0370774f68d596aa90b307d84dfc51a724e9321726a863004a64703ff250f3	256934ef6c79b83306ebf410d9c7d6c8	2681	2026-09-16T03:08:24+05:30	tracked-clean	2026-09-16T03:08:48+05:30		
results/analysis_kiba_policyA/positional_control_moltrans_kiba_klifs_policyA.json	cd69dc38aa30a29834d3af42a5d34ec641ae56f2a37bd03704e0fe77af520bd2	06460d6797c16b2276b6438d8ad3781b	19516	2026-09-16T03:08:24+05:30	ignored			
results/analysis_kiba_policyA/positional_control_moltrans_kiba_klifs_policyA.md	f4972ff25d224c983c47cc1a1ef41661ce5510aad0babedd5e922c3102f7b8a3	ea08ab6e8536cb02a8d774c9d9d78872	2679	2026-09-16T03:08:24+05:30	tracked-clean	2026-09-16T03:08:48+05:30		
results/analysis_kiba_policyA/positional_control_moltrans_kiba_policyA.json	b9ef5737429592cd49e0a39bf2f0c634be89d415b00a0f86d3213af7f13f020b	25ae6f9885ea3d15c7973701e3df8bdd	19461	2026-09-16T03:08:24+05:30	ignored			
results/analysis_kiba_policyA/positional_control_moltrans_kiba_policyA.md	0b4fba5b106eb67395fb766a87d6fc620c8a2fd16ec28548c214dea3ea915967	722441da4f3d9c34095ed9bd9deb1258	2677	2026-09-16T03:08:24+05:30	tracked-clean	2026-09-16T03:08:48+05:30		
results/analysis_kiba_policyA/positive_control_kiba.json	17cd79cd4a727b4e44fb4a00ff452e5925c3823d3001143ef53a58f8755e4671	157933e232f67f34eeb7bfe8a2b16f8c	89828	2026-09-16T03:08:24+05:30	ignored			
results/analysis_kiba_policyA/positive_control_kiba.md	f02e3bdbce6254d2907b952907455fd7dd419d3df42e2c70fb5e7db93fedc1bd	dae6dc37655f0ec69d6ef747b9810774	3922	2026-09-16T03:08:24+05:30	tracked-clean	2026-09-16T03:08:48+05:30		
results/analysis_kiba_policyA/run_all.log	213fb365cf2431bca2edc7cd950cfa351b7a56d67488f66e485774d585d467af	75febbb20d282764222efb13ec643619	68814	2026-09-19T22:11:14+05:30	ignored			
results/analysis_kiba_policyA/token_faithfulness_moltrans_kiba_seed1.json	7ecef0e5bd7df4f439864c08a9ebf624abd16aea0d81549bd5590872c4d5036e	067072bae43686c4a4dbdd64fa8a8cdf	712	2026-09-16T03:23:22+05:30	ignored			
results/analysis_kiba_policyA/token_faithfulness_moltrans_kiba_seed1.md	a454cb13ac380345cc7a15da11a3a5094730669c6f54dc1fe023b33f556f0cea	0b27f8bff809fd79c5774baeecf99ea0	1110	2026-09-16T03:23:22+05:30	tracked-clean	2026-09-16T03:23:22+05:30		
results/analysis_kiba_policyA/token_faithfulness_moltrans_kiba_seed2.json	c3b468b1a87c0b1a4e3a5b91a025fd438eacfd463a6adc95f98d7ca976b5b11d	2b7b03bf5efaa852b8250480627ea158	720	2026-09-16T03:23:22+05:30	ignored			
results/analysis_kiba_policyA/token_faithfulness_moltrans_kiba_seed2.md	766208c7976c1237e2dc82cb4ebe09c05ffb10a4a1544d3b4311841f2f67e11a	0c99799ea14816eb8dba740cbdd1af9f	1110	2026-09-16T03:23:22+05:30	tracked-clean	2026-09-16T03:23:22+05:30		
results/analysis_kiba_policyA/token_faithfulness_moltrans_kiba_seed3.json	0907750f47938978d283ebb1905d53e74777c825e1cef1e14a9ebd29485cfafa	d64dff8daa35bff7452f05ba061865d6	712	2026-09-16T03:23:22+05:30	ignored			
results/analysis_kiba_policyA/token_faithfulness_moltrans_kiba_seed3.md	2ee7e158b11fbbbe5a3fa7f1ddc893ba23a9f9cec802adfd30551c5143ea2f11	11f44e32a6fab000bbac4e56f27afc3a	1110	2026-09-16T03:23:22+05:30	tracked-clean	2026-09-16T03:23:22+05:30		
results/analysis_kiba_policyA_klifs/ig/ladder_hyperattentiondti_ig_kiba_seed1.json	758dcfeac990a8ba6d6f6e7a8f31adb612f758f1f01118ed1554682a9c3a28ae	af3c2db76d02a743db663be92b2466d1	28447	2026-09-18T00:37:37+05:30	ignored			
results/analysis_kiba_policyA_klifs/ig/ladder_hyperattentiondti_ig_kiba_seed1.md	7d5395d2f50994511aeb16b891033d5599d925b07385755aa373f9647934f7a8	c8acac31745eade0fa9822ac79f38de5	361	2026-09-18T00:37:37+05:30	tracked-clean	2026-09-18T00:38:30+05:30		
results/analysis_kiba_policyA_klifs/ig/ladder_hyperattentiondti_ig_kiba_seed2.json	c30d258707fe9eac6fcea45faead8939e30397e5e1dbcbfaea384caa77fce051	d82f9fca33fbcd7144119fe106069dd7	28422	2026-09-18T00:37:37+05:30	ignored			
results/analysis_kiba_policyA_klifs/ig/ladder_hyperattentiondti_ig_kiba_seed2.md	db9726b8c709ba18ae7b20ea2b873ab7c166e4439214665755c467824a61bf35	5364fe6f63b33ed76bcc42577b087ec5	361	2026-09-18T00:37:37+05:30	tracked-clean	2026-09-18T00:38:30+05:30		
results/analysis_kiba_policyA_klifs/ig/ladder_hyperattentiondti_ig_kiba_seed3.json	0206e1ec0a3f94bbabe37711a5f32a8aa166a7962c4feb1d7c04ef70cebd21a2	07cc9abb6a94e042cad09c201faef409	28410	2026-09-18T00:37:37+05:30	ignored			
results/analysis_kiba_policyA_klifs/ig/ladder_hyperattentiondti_ig_kiba_seed3.md	400539c017f6a9de29955075cb87ac437a4846f25be44b2b7dc35bfd28480f98	2315e66d70c555605fd1d1ec0f1c0f39	361	2026-09-18T00:37:37+05:30	tracked-clean	2026-09-18T00:38:30+05:30		
results/analysis_kiba_policyA_klifs/ig/ladder_moltrans_ig_kiba_seed1.json	02ef9979048a555491b95a52813c4e45dc996b9caf7c0ae13d08540d5188fc0d	1d4abaed09af7f13c39ecbe7c64f1bd9	28410	2026-09-18T00:37:37+05:30	ignored			
results/analysis_kiba_policyA_klifs/ig/ladder_moltrans_ig_kiba_seed1.md	70ebd775c78199aacf9bbff15641a6f33c5fc10fa7a0fd80a86ba3c20e73c1e7	738ba4293cea97432a31b0a4a15c734f	351	2026-09-18T00:37:37+05:30	tracked-clean	2026-09-18T00:38:30+05:30		
results/analysis_kiba_policyA_klifs/ig/ladder_moltrans_ig_kiba_seed2.json	00b2c6e3a81edc6e54c3f4d0fd4be8088e4095ea81d969e1d399e9c8d83cc9e0	2be59372d2e70da1d1aed17fd0e7f9ac	28403	2026-09-18T00:37:37+05:30	ignored			
results/analysis_kiba_policyA_klifs/ig/ladder_moltrans_ig_kiba_seed2.md	b87c8e4aa876c2f878ac8c58c5ff079a609cc41b506042a0b2c72113a5b41a6c	2832437de80e359a4eae378e1cc4dc7e	352	2026-09-18T00:37:37+05:30	tracked-clean	2026-09-18T00:38:30+05:30		
results/analysis_kiba_policyA_klifs/ig/ladder_moltrans_ig_kiba_seed3.json	3dbf4dc192f867ebed68af565639f14c691d6beef5de2be661277c4b294d351d	101de055e8797869ad58a4c2c91f8eda	28388	2026-09-18T00:37:37+05:30	ignored			
results/analysis_kiba_policyA_klifs/ig/ladder_moltrans_ig_kiba_seed3.md	695079442ee948f263db0b9fd5570c47bdf92b76310550156149ffa9edea7acd	7df573f65069d57e645cc5db5dc1ba54	351	2026-09-18T00:37:37+05:30	tracked-clean	2026-09-18T00:38:30+05:30		
results/analysis_kiba_policyA_klifs/ladder_hyperattentiondti_kiba_seed1.json	a557a40f7835a80f8fa163852a34cee9e6d19cfe19743e8037d50c82e95b8b46	68687046e24fd54b52d61e76666b46c1	28443	2026-09-16T03:08:24+05:30	ignored			
results/analysis_kiba_policyA_klifs/ladder_hyperattentiondti_kiba_seed1.md	903a0dc9a64c0bd61f7a3b0e9cb63585575b74c65a1280930a44e30f917f6ad9	a92771682f508b2ce5930534362f4a7b	357	2026-09-16T03:08:24+05:30	tracked-clean	2026-09-16T03:08:48+05:30		
results/analysis_kiba_policyA_klifs/ladder_hyperattentiondti_kiba_seed2.json	5038bf6962aef2091cbfa04c8a8e3758962c4f041469859e65f1dc9706b68fbb	a1a8fa8b085b76645f1474fc74461705	28451	2026-09-16T03:08:24+05:30	ignored			
results/analysis_kiba_policyA_klifs/ladder_hyperattentiondti_kiba_seed2.md	bf95d5418c0a84360bbff35730bbfbec7a5123282acf3ecf308aaab0d5e6d50b	75e2f0560433e953937c8d6e88e0da54	358	2026-09-16T03:08:24+05:30	tracked-clean	2026-09-16T03:08:48+05:30		
results/analysis_kiba_policyA_klifs/ladder_hyperattentiondti_kiba_seed3.json	5621c429fe26d7b8d98a3bbe3b2c254c59cf2e29880507711f3b8d6cc638a980	b6494171c3f7f3840f767a81974e37f6	28420	2026-09-16T03:08:24+05:30	ignored			
results/analysis_kiba_policyA_klifs/ladder_hyperattentiondti_kiba_seed3.md	00fd9260b751117eb139a85dfb7c24af0d352b9e26c9b45d7125bd449ea58510	5b798285537f45abb39491fcda39c5fc	358	2026-09-16T03:08:24+05:30	tracked-clean	2026-09-16T03:08:48+05:30		
results/analysis_kiba_policyA_klifs/ladder_kiba_seed1.json	6b0406f99cce323e11dce343cd76ad3d3e5bd738b68c15afcddd58ed24888e73	d21a5cf9db2999a385edc3496a25f427	28436	2026-09-19T17:00:28+05:30	tracked-clean	2026-09-19T22:25:11+05:30		
results/analysis_kiba_policyA_klifs/ladder_kiba_seed1.md	62ead36bf0cfb62363492d99eae78fa1423b246d0ddab2a24b6b8d1fe4598d97	a88de5a030e2a0343efad8704abdc6b6	340	2026-09-19T17:00:28+05:30	tracked-clean	2026-09-19T22:25:11+05:30		
results/analysis_kiba_policyA_klifs/ladder_kiba_seed2.json	6cbd36453f15543a24d0f34657cce453e9f67d548c00103850bf201c0a3d828f	d0e7d227aefb985e9459c61250f52fe9	28427	2026-09-19T17:01:17+05:30	tracked-clean	2026-09-19T22:25:11+05:30		
results/analysis_kiba_policyA_klifs/ladder_kiba_seed2.md	ea9fd69b7cfff489ba270e550933189c7a1e19288fc5282554790e3a8b8d9201	58c6b96783b80f86d35283b9059b3440	339	2026-09-19T17:01:17+05:30	tracked-clean	2026-09-19T22:25:11+05:30		
results/analysis_kiba_policyA_klifs/ladder_kiba_seed3.json	25f187731c9b7eb1b0e0091c590365a19c174e68e43843adc7b0c71d886b5d70	5c286fe7b22b1363b56a9ab104ef8ff0	28374	2026-09-19T17:02:08+05:30	tracked-clean	2026-09-19T22:25:11+05:30		
results/analysis_kiba_policyA_klifs/ladder_kiba_seed3.md	d762e82cb9f636e3f66e7245c1a2ded9086bdedd8ecf7503a393e64142db59d8	d3f2d309e1a355b2250d1291c39ab254	338	2026-09-19T17:02:08+05:30	tracked-clean	2026-09-19T22:25:11+05:30		
results/analysis_kiba_policyA_klifs/ladder_moltrans_kiba_seed1.json	4cd9a741e951fa1a12d068df9ca1838a3832c030efe796db82bc8b13f2923c6d	994dfccbb4924b724231501db9f08c4b	28358	2026-09-16T03:08:24+05:30	ignored			
results/analysis_kiba_policyA_klifs/ladder_moltrans_kiba_seed1.md	f68ba25de2a13f1562ce73e55db9b14a609dbf86201fc54d9deaa42964f6c38e	cfd907a2067df1b0eebc5b6171ab2bc2	348	2026-09-16T03:08:24+05:30	tracked-clean	2026-09-16T03:08:48+05:30		
results/analysis_kiba_policyA_klifs/ladder_moltrans_kiba_seed2.json	7a7726f69b225836269d78613edcdaac5b8482ef014e487654d370ad07a09c10	3f4e002ea3075d3d93d0a7e82b7dd367	28426	2026-09-16T03:08:24+05:30	ignored			
results/analysis_kiba_policyA_klifs/ladder_moltrans_kiba_seed2.md	9458f68a89de786715b895868dda19bb1e202737c7c9e358e3091576ed7d1c1d	9b3d44022c20b682682433860064845a	349	2026-09-16T03:08:24+05:30	tracked-clean	2026-09-16T03:08:48+05:30		
results/analysis_kiba_policyA_klifs/ladder_moltrans_kiba_seed3.json	9f1d9d6ba9002c927bd56c2e9b2896fbe308cf2a9985b2ee9d28403edebcb1a0	4fe21b3149907446a36a20603703c239	28367	2026-09-16T03:08:24+05:30	ignored			
results/analysis_kiba_policyA_klifs/ladder_moltrans_kiba_seed3.md	df4a30e3a14d4d4f84d719ae0a2a36b49d52c0c9106e3ab1483bf822687b9de3	635d9fabc6420c524c943b06523ebfdc	347	2026-09-16T03:08:24+05:30	tracked-clean	2026-09-16T03:08:48+05:30		
results/certification/key_numbers.csv	a10fd797127399967f104421544161431b26a8c42d93e6e569f1dd60df6fb80a	d7355907ad9f69b6857eb6a680fde89c	1705	2026-09-29T03:00:27+05:30	untracked			
results/certification/step0a_hash_results.txt	e3b0c44298fc1c149afbf4c8996fb92427ae41e4649b934ca495991b7852b855	d41d8cd98f00b204e9800998ecf8427e	0	2026-09-29T03:32:46+05:30	untracked		NEWER_THAN_DRAFT	
results/certification/step1_disagreement.txt	7429fc243660a5b99bed2e9f4c83ae404a1c7c7919e404f22749f73d3246842d	0adbe8f5ea071af17d42129bef883f1e	5720	2026-09-29T02:56:21+05:30	untracked			
results/certification/step1b_exact_p_validation.txt	2b4f9250f5a1293f8e500bef0119c1eb2e97afdf02e2c58c456e6e81315667f1	a04498913f125a955ab213b9b11b000b	1425	2026-09-29T02:56:52+05:30	untracked			
results/certification/step1c_rerun_noise.txt	7b2e8a5b192b00a98ed9bc6f5886ae06476fb2d98a03ba0c3157680ae20e87be	1a93a76301bddec7e591cd99507963f5	2898	2026-09-29T02:56:52+05:30	untracked			
results/certification/step2_two_way_bootstrap.txt	4ff946be287f05054b0eca463c0fac0e49a028c9fb2e5830783d115feecdb929	54e05b2a2756a25d83cae0039abc03f3	4019	2026-09-29T02:57:09+05:30	untracked			
results/certification/step3_leak.txt	a3387e462748837f4c825e0c3fa5646174413854714def6d5e14c76de06f65cc	ad30fd994c4d4cf2d78c57373af33846	6967	2026-09-29T02:57:13+05:30	untracked			
results/certification/step3b_leak_loose_ends.txt	516c6d3373659c6901fc43f34e7be5cc577f0d7cc02cd3195088be61e254bbb4	33b8faed748c5103d0bf1ea5066916d6	2801	2026-09-29T02:57:15+05:30	untracked			
results/certification/step4_holm.txt	5b887fd8c86dec645a593f849f14bbe641ef5ce8428de4606705f01f279d973f	ad5a2077bcb9080c38105565547ed0b9	4989	2026-09-29T02:57:17+05:30	untracked			
results/certification/step5a_pocket_bootstrap.txt	3bfc7941bb1ba9230fcff5fdaaf8a943ff420d54a1fecc2de4aeaa5f61b81d73	bbf79b0a807fcbf958cac7bc0859d9a5	3345	2026-09-29T03:04:14+05:30	untracked			
results/certification/step5b_faithfulness_bootstrap.txt	33d8dce96a228862e324651cb2c34ce3b93e86edc224754ad5905f9be12816fb	8ab93263c2e63be130aa2918be6f70a6	1972	2026-09-29T03:04:17+05:30	untracked			
results/certification/step5c_accuracy_and_spearman.txt	0901b31dda8de9883de1516363e7812b465cd9412fa76d453f162bc86c20ccef	8e2999ab14f5b4e27a7f8d2b2788beaa	868	2026-09-29T03:04:25+05:30	untracked			
results/certification/step6_slide_audit.txt	06485068e0a3ac6859b0ee1ba4a3813a67ab1ea192929d5f52f7bb2d8cbdbf81	eef409f9b900c2d93567b9a50c6c6421	14851	2026-09-29T03:32:28+05:30	untracked		NEWER_THAN_DRAFT	
results/certification/step7_canary_forward_pass.txt	3c2b7bb7f3dbfc8bfea8348e5807fb3105c61c608f98cd2666d7ab2e6d1c7a57	792880bb28b82a587c3178ea63c0ac48	8556	2026-09-29T03:21:12+05:30	untracked			
results/certification/step8_red_team.txt	02af2476a779ae9aaa9d2472684c8970354b94775836ed3f6f982a942c3250f6	6f9a1d8cf17d2e4cd5bd30c49366d3c0	11079	2026-09-29T03:32:23+05:30	untracked		NEWER_THAN_DRAFT	
results/ci_arms/drug/ladder_davis_seed1.json	66b66e2bd8f89166d60c004e2df05e47a69da622e6e657b4d053e06d79776b1b	e39d9ee4293c238eb51ad98f26e86da6	12468	2026-09-14T10:59:43+05:30	ignored			
results/ci_arms/drug/ladder_davis_seed1.md	0d2109adf492b87b3fa14de36b203b43620ff3911f27b411a740b4e2a7795fef	0554a8b600b27686ed99a6a7b4d5f1ba	469	2026-09-14T10:59:43+05:30	ignored			
results/ci_arms/drug/ladder_davis_seed2.json	04b778ffefab5c2b61bab2c5f7028299b74c52a66eff9fa4e631c2c706e310b0	e1871e0d567e19da2053ed01508a3533	12709	2026-09-14T10:59:57+05:30	ignored			
results/ci_arms/drug/ladder_davis_seed2.md	f02eb81cdb88df6d2749eab0e39ebbbd010153e89281733b078399265f851054	a77f3c65524d321afc0688b3c6078cb8	468	2026-09-14T10:59:57+05:30	ignored			
results/ci_arms/drug/ladder_davis_seed3.json	50b33cd3877b60bbc60534a2c591356a4fbb6ddb8914fdb44dd5722e2d7386f6	54b341fb2157d5c724f56956cdf21a3a	12631	2026-09-14T11:00:10+05:30	ignored			
results/ci_arms/drug/ladder_davis_seed3.md	c4dff904b4b3568750ab325582c84f9ad8d4f78c93a69ae2818c5682ef4eef41	ce5dd90886e0481be3c4fb4fcf17dbdc	470	2026-09-14T11:00:10+05:30	ignored			
results/ci_arms/drug/ladder_hyperattentiondti_davis_seed1.json	4775976991d361124e6d27c8a54bb42f45dc058a1e4e0cc3f478c8bd09d5f61f	fe6a898de028e6925f022de436f7f902	13562	2026-09-14T11:00:20+05:30	ignored			
results/ci_arms/drug/ladder_hyperattentiondti_davis_seed1.md	da3c193fbe2da7f4180c3707c9b106c251c50d9f116548ef887b23dfa09c11fa	d3b57e7c90b679223d4bf024b85355fd	489	2026-09-14T11:00:20+05:30	ignored			
results/ci_arms/drug/ladder_hyperattentiondti_davis_seed2.json	4a2a59341e4b88906a0b2de27be628121c3c99ff92b26040b56a060f2b521625	872b115acff6ffa7ab6fc60bfafaaf0f	13574	2026-09-14T11:00:30+05:30	ignored			
results/ci_arms/drug/ladder_hyperattentiondti_davis_seed2.md	fcf6a795cdf242a37be86056d4be2f123c6f25f6349e4e00afe2e1d0b200213d	0fc445c528b2353f1b3fa6c8466735b3	488	2026-09-14T11:00:30+05:30	ignored			
results/ci_arms/drug/ladder_hyperattentiondti_davis_seed3.json	42a7bb7c8062126d3057711b2140999a65e11fd03dc0b886f38538bdefefe4f6	a221d8944b96e91616d831de65684f20	13478	2026-09-14T11:00:40+05:30	ignored			
results/ci_arms/drug/ladder_hyperattentiondti_davis_seed3.md	42c943d28ca98115cd70e9e4446ab2f8df2c6df859701a681ff23bf808150bd1	6f9abbdcab394aa81e6c67c0376f5e87	487	2026-09-14T11:00:40+05:30	ignored			
results/ci_arms/drug/ladder_moltrans_davis_seed1.json	c2ddaed7db198879a2c34fa7123bd6e6ac3c05ebb257ca47a2b0ceef88ab5084	2a365cee30528bfa04009f50d0bf8906	13572	2026-09-14T11:01:00+05:30	ignored			
results/ci_arms/drug/ladder_moltrans_davis_seed1.md	56695ab751acd298128eb5d22f245d3095ff77c7215ce4070087c43986a82c27	ef297457f6ef9eb0d103d16ac473ffe3	479	2026-09-14T11:01:00+05:30	ignored			
results/ci_arms/drug/ladder_moltrans_davis_seed2.json	e56b1196a211a01acf1cd1239cbbd20bfad2f2968cc921582dba3198ed01ce8a	a09af76653518e7085645d5ed95c5558	13404	2026-09-14T11:01:21+05:30	ignored			
results/ci_arms/drug/ladder_moltrans_davis_seed2.md	dd8d6661a607d4033ac2cd3266d82b1814fd1f8b1e2b7f6a7eba1193dc482042	55f996c50695e29505ece660c3a4381f	477	2026-09-14T11:01:21+05:30	ignored			
results/ci_arms/drug/ladder_moltrans_davis_seed3.json	365564517eefdfd9099c47f6612af45585d942bf68db568fdf8559e733f79b72	ba096453e75028d81af63553b2c80b19	13451	2026-09-14T11:01:41+05:30	ignored			
results/ci_arms/drug/ladder_moltrans_davis_seed3.md	9a9eaa8b3f03011a027b3eb7db1b269473e9d5a3b546622245de4052541a8068	bffcc2283743f7ebf354f20bbbea0d59	477	2026-09-14T11:01:41+05:30	ignored			
results/ci_arms/paired/ladder_davis_seed1.json	672d5173d41ad5883696e8745c4919b17480e904658bcdbc89da3b54827d79d8	2040f05dbde49d73722528ca03f4f202	10278	2026-09-14T11:03:34+05:30	ignored			
results/ci_arms/paired/ladder_davis_seed1.md	65f2b50b8142b492ba2cad3d4796fbea3f41a93a31155ef8c298cf29215ab7cf	4c1218235126534e8e4a026d335c6103	469	2026-09-14T11:03:34+05:30	ignored			
results/ci_arms/paired/ladder_davis_seed2.json	7fa4d3b94a4ba8aada52cd3a7061cbffc4dca32658c4a57905051f3a4e93ac65	02de650a822a0841540baca05153ad30	10472	2026-09-14T11:03:45+05:30	ignored			
results/ci_arms/paired/ladder_davis_seed2.md	83f46aa4aeac326197ac68291d830d2f50d18564f976900dedb5b2c92aef740d	0560ed4ab08d7eb6ba3d8c9a7e3c17ec	468	2026-09-14T11:03:45+05:30	ignored			
results/ci_arms/paired/ladder_davis_seed3.json	aceb5b8b99612d9402af6568bca960a2f89de6c28903a9714dfb216deede9077	f3309fc1d5733ef111b70909859b46c2	10312	2026-09-14T11:03:55+05:30	ignored			
results/ci_arms/paired/ladder_davis_seed3.md	e0cfdd0ca348f35959fcaf5381ee790941f871708c5a970b4faf7f75c833728f	db775a6632e1a8ccb61927f081897f82	469	2026-09-14T11:03:55+05:30	ignored			
results/ci_arms/paired/ladder_hyperattentiondti_davis_seed1.json	086a71ce80bcf51af133920f2874704b65096eae6843afaf5294a4f33912f918	12e6527618d38e8a14bee35f3df2b52b	11046	2026-09-14T11:04:03+05:30	ignored			
results/ci_arms/paired/ladder_hyperattentiondti_davis_seed1.md	df9d7f16df46ba46256f68ddf0e8d8ac978be688814641a728950f7fb71e80e3	9237227b07708df5b6255370968344f9	488	2026-09-14T11:04:03+05:30	ignored			
results/ci_arms/paired/ladder_hyperattentiondti_davis_seed2.json	164d1aabc78c4766cfbb9a223c01137263a1ee802df490f8822da9d1dad965ae	5e424ecfd01a599d37650a0f3b7d65f5	11124	2026-09-14T11:04:12+05:30	ignored			
results/ci_arms/paired/ladder_hyperattentiondti_davis_seed2.md	7c3cb06a0333a53f7104845ef7e1b2c0d0e819aa30e439787e5efcca6f6d56e0	cd78326ac5c975a88fe74b39da12f9af	488	2026-09-14T11:04:12+05:30	ignored			
results/ci_arms/paired/ladder_hyperattentiondti_davis_seed3.json	942e620a930385e98407b2593235434d79b704f84d9cc31af0e5d1e43581a327	4924efaaca3eee45b9530f1a442706af	10943	2026-09-14T11:04:21+05:30	ignored			
results/ci_arms/paired/ladder_hyperattentiondti_davis_seed3.md	dd74ebf27f73b121b8f78d8034899cfa18cb4934ccc38c267075240051c697ab	e56ab3799efc3acbf4ed4494dc4b91ab	487	2026-09-14T11:04:21+05:30	ignored			
results/ci_arms/paired/ladder_moltrans_davis_seed1.json	1733ab23dc913b8648aa781af79fe581f2dcca97a2f4f45a27639f41d680117c	c1a3baff15ab7782c70802699adaa528	10958	2026-09-14T11:04:37+05:30	ignored			
results/ci_arms/paired/ladder_moltrans_davis_seed1.md	6b6ac97f70287add4460be4c4c3d184c07243f082ad763143bd03b637b3fceaf	7cceeddd6bccd5195e370ed275aae120	479	2026-09-14T11:04:37+05:30	ignored			
results/ci_arms/paired/ladder_moltrans_davis_seed2.json	7d387f19e9ad48310c08430afadc413f9f452addf7897e4717409fb0d02cb6f6	a67bb9550f45d27c4d036f3886650846	10852	2026-09-14T11:04:53+05:30	ignored			
results/ci_arms/paired/ladder_moltrans_davis_seed2.md	29e6690e314fa0ecb7877168bb0f67ffc2e44b21e0b3afe4e5f6ab396800819e	e93dc1fdc9cf5f788d7cc24459510c99	477	2026-09-14T11:04:53+05:30	ignored			
results/ci_arms/paired/ladder_moltrans_davis_seed3.json	43b9c3f3b712db8c7c7450ea4d88fe249adbdeef25bd89573f599d2590fb2def	e31951051cd6f8cbc48d295e6ada5b95	11015	2026-09-14T11:05:09+05:30	ignored			
results/ci_arms/paired/ladder_moltrans_davis_seed3.md	dd2c8a3472e6c6fed7b96b63dd70fd11d2c6a6f0228c50bfd8b0b8acfb04bbeb	dad007a444cb87c0c048fdeb38e4af96	478	2026-09-14T11:05:09+05:30	ignored			
results/ci_arms/swapped/ladder_davis_seed1.json	ab4ab93b54f8d5f2c8a79ac0f1fcd778f160f0217ce786a1c873b80a7e2d8187	323656c4de1180d3779b81ef8ebaed46	10253	2026-09-14T11:01:51+05:30	ignored			
results/ci_arms/swapped/ladder_davis_seed1.md	5f4f38c69c320a1aa188922b0afe660af05477525f011beee307f21aeded9057	07f2b18fb7aa31ab16f9e616e107887c	469	2026-09-14T11:01:51+05:30	ignored			
results/ci_arms/swapped/ladder_davis_seed2.json	82fceeeb8ed741fb97305baaaaf32b7701b5de4db0483e290ec66ccda48c455c	294058c0026235d26ca74e55bfdc3fcc	10460	2026-09-14T11:02:02+05:30	ignored			
results/ci_arms/swapped/ladder_davis_seed2.md	35b31f023dc2396a0097851478d36e68e8bc9cb16671fcd4f1447fc25bb04b81	f6f16ea19925a3da4ebb616da3ce0eaa	468	2026-09-14T11:02:02+05:30	ignored			
results/ci_arms/swapped/ladder_davis_seed3.json	5c171fe9a92cdb073ed54b0d733972fe37ed27e0d423aa98599e661067661121	ee037dc1a86b35ca8d176068f19f835b	10301	2026-09-14T11:02:12+05:30	ignored			
results/ci_arms/swapped/ladder_davis_seed3.md	9f2df0c4a491d8d0ef7326b2e3a73a2ae018b2e28552ea6487282d45a1fef7be	bbd2775f12eff500840cebd74cb8e00f	468	2026-09-14T11:02:12+05:30	ignored			
results/ci_arms/swapped/ladder_hyperattentiondti_davis_seed1.json	5cd22485ce531d0289cf73e060bae3b0f4ff2336f310c5b835772ba2fe14b434	5deab603ec9a58237754354353f58006	11047	2026-09-14T11:02:21+05:30	ignored			
results/ci_arms/swapped/ladder_hyperattentiondti_davis_seed1.md	f05130336b8205e5c75b7adfbd7613dc6734da1622583cb5973c2a3ee5902bd8	620a3ac955e6599a587440d2b773cd0f	488	2026-09-14T11:02:21+05:30	ignored			
results/ci_arms/swapped/ladder_hyperattentiondti_davis_seed2.json	6d82fa8cb3e7b0f9ec976ba40650b45b1743657564995d42aed7cd810a7bbcac	0e146143fb39655ce6134cdaf93eaeb2	11103	2026-09-14T11:02:29+05:30	ignored			
results/ci_arms/swapped/ladder_hyperattentiondti_davis_seed2.md	50ff212e2efe7d9e6a777325caf18b23000310c96b7c48fc392062a5daa254f9	484b09254d01b46181a192af7f322faf	487	2026-09-14T11:02:29+05:30	ignored			
results/ci_arms/swapped/ladder_hyperattentiondti_davis_seed3.json	2bc163c0abee8f0dd3b4a1330b8c7b8bdfa1c6b5710149474f974e27540334ea	8afcf2b1d0812cb61f24d831937023a1	10923	2026-09-14T11:02:37+05:30	ignored			
results/ci_arms/swapped/ladder_hyperattentiondti_davis_seed3.md	7715945dff04c994bc7382c1525f1da8d9de52ee68cfda973b600737d82be950	9e0227fbe45ef1e3a531c803d9ba1b75	487	2026-09-14T11:02:37+05:30	ignored			
results/ci_arms/swapped/ladder_moltrans_davis_seed1.json	2a2bec89044ef86471df662eeb46a2416e55f08e17d25adf4aa5a72e97805fca	adfedca29555276a11432d14040a05c0	10901	2026-09-14T11:02:52+05:30	ignored			
results/ci_arms/swapped/ladder_moltrans_davis_seed1.md	97c3a6517571fd1785d3e04749eb2b90f7c26630085163566d82ca194406ee88	e8875713f74ff99da5242b8ad3205dd7	479	2026-09-14T11:02:52+05:30	ignored			
results/ci_arms/swapped/ladder_moltrans_davis_seed2.json	1ff86a6cce0b701db76a570be7027a6c6d26aa2400cb983a53b0d69d1b17aa7f	5c73d591b09b9c4ccbc8858de38b12e0	10849	2026-09-14T11:03:08+05:30	ignored			
results/ci_arms/swapped/ladder_moltrans_davis_seed2.md	76a89f2d6d917ca2e01b2ab74900a0d1f2c4f869385a9e892644b3e648d19940	a251c91b9108048f04ae29670f56ca7f	478	2026-09-14T11:03:08+05:30	ignored			
results/ci_arms/swapped/ladder_moltrans_davis_seed3.json	611ed596b59311a42d15bdaea94a6b9d8f296e2f632fe46b65650e938a7b9cf0	461855d564a6c1b76d5c2f7b1302cb8a	10999	2026-09-14T11:03:23+05:30	ignored			
results/ci_arms/swapped/ladder_moltrans_davis_seed3.md	4956ff84d22580b9d3f23196c37e35dfb80e008d458459fd93818e2fb7a9f11b	4955f11c3b14f6144c4408b633f58fc2	478	2026-09-14T11:03:23+05:30	ignored			
results/ci_davis.json	bd35fa931fe61685bced0bbe111dd85987bfe787dbb68e46c49ffa920984934f	e4cc8a3cab1a908e07f81fcbeef95279	5840	2026-09-14T10:57:27+05:30	ignored			
results/ci_davis.md	08b92462a8d86e085da8017200953462ecfe460903b5a99ba94417070de2ba8c	a15c8fea9462851090e819653cc3df5a	2462	2026-09-14T10:57:27+05:30	tracked-clean	2026-09-14T11:07:32+05:30		
results/ci_drug_arms_davis.json	fda8cdfb7b1832fdeb1160f9a66727afd5cafca1183e0a391d2ed65b6dbd77e3	b2ce4d47cdc799eb2f4c125ccfec5225	8558	2026-09-14T11:44:02+05:30	ignored			
results/ci_drug_arms_davis.md	505a95e050532fca0b9fdf60c9b66fd79477351c03347f15a5f6e10d08978bc4	31ca91ab1e82d743aea6913a3bf45a60	3330	2026-09-14T13:58:25+05:30	tracked-clean	2026-09-14T13:58:25+05:30		
results/clean_accuracy_davis.json	b4b720816edf1076ad203e5c0168969bd7fe544470fb2a00bbe30d8ae16827bb	cb1e2b51d245665394f905f2ed8eba90	29039	2026-09-19T19:53:22+05:30	tracked-clean	2026-09-19T22:25:11+05:30		
results/clean_accuracy_davis.md	366579a09e64666957a47afbb71670f2a66d5eceeceeb8d7ed149765991ad4ef	8812faf2849864ed66d0d2ccbabd040b	3446	2026-09-19T22:24:51+05:30	tracked-clean	2026-09-19T22:25:11+05:30		
results/coldsite_dti_davis_cold_drug_regression_seed1.pt	301a6d417c339fde6ced37be3178f65c681fcc8f6eacc3b95d47ade4a5b6415b	28fca1957c27fb94c45ce36c29fc0c48	2465482	2026-09-10T22:53:12+05:30	ignored			
results/coldsite_dti_davis_cold_drug_regression_seed1_history.json	c45e41a3c8ee39ed9a5bf39f6da567e2f9cf3ca1472996a86821f577ab1f7f53	1f9e125a564c5f4349a677fbb8771c80	7273	2026-09-10T22:53:12+05:30	tracked-clean	2026-09-10T23:17:18+05:30		
results/coldsite_dti_davis_cold_drug_regression_seed2.pt	480bb10308d1c4c8e2d1cd3df942811f705b63675341d9e3514cc6837db7d5d0	01dd06314f3d575860980a4364d0485a	2465482	2026-09-10T22:53:12+05:30	ignored			
results/coldsite_dti_davis_cold_drug_regression_seed2_history.json	9aefa647bf2212c326de9bb3d9ec48f20ed0d56f7e41e78a668f4bee46adeb21	e51ac2bd6e9892dbc325a23c0648e56a	5896	2026-09-10T22:53:12+05:30	tracked-clean	2026-09-10T23:17:18+05:30		
results/coldsite_dti_davis_cold_drug_regression_seed3.pt	b6a7f018908708b4fd4b2e4e5cb947f4dd0ed1b3b3b5a3389ddc90c2b29c1784	0a9fe809c04d263c622aa05ace579281	2465482	2026-09-10T22:53:12+05:30	ignored			
results/coldsite_dti_davis_cold_drug_regression_seed3_history.json	84b0c134a6c1f2021dc9750c593b61ff165d5cbc400e7e337829f57d82d0f2b6	be63200b7adc1d3ff6ecbd1f7c510554	6602	2026-09-10T22:53:12+05:30	tracked-clean	2026-09-10T23:17:18+05:30		
results/coldsite_dti_davis_cold_pair_regression_seed1.pt	3023f7f589496e66f2bd93972d53cd939a44e55a196bc00a68a88615d701906c	c0dca3ecb2ae764eed276a5435bfe738	2465482	2026-09-10T22:53:12+05:30	ignored			
results/coldsite_dti_davis_cold_pair_regression_seed1_history.json	51650784bfcd9c18bb657463df37e4a1a02ffec6f632e607da998adfef41b426	11f44755856c293a6dbfbe0d9eee357d	8638	2026-09-10T22:53:12+05:30	tracked-clean	2026-09-10T23:17:18+05:30		
results/coldsite_dti_davis_cold_pair_regression_seed2.pt	093ea56db406677024feef3acb66bdf25f22d47a4d3fc4bc0c0f08d2d2b73554	9c561afd4fae57f80118b3632a7145a2	2465482	2026-09-10T22:53:12+05:30	ignored			
results/coldsite_dti_davis_cold_pair_regression_seed2_history.json	ab47e9d721052abd2ef17418db77763dbf271098e7dc428d906c0cab07affa6a	eba5e6270a11d13f4c9945eb211baf88	7347	2026-09-10T22:53:12+05:30	tracked-clean	2026-09-10T23:17:18+05:30		
results/coldsite_dti_davis_cold_pair_regression_seed3.pt	fe8d7f3220111d36d5b902a94deaa5c61f911247afab8f21e2f250d94e2fb457	7134cb4010eea0adcc6fb47a8a691878	2465482	2026-09-10T22:53:12+05:30	ignored			
results/coldsite_dti_davis_cold_pair_regression_seed3_history.json	41a5e63a5ee7936ec50d4e4545e1ea0905a0eb5364fd2bce4c0ba69d97c4ae24	b4bb362b677418756b4752d1113fd78d	6869	2026-09-10T22:53:12+05:30	tracked-clean	2026-09-10T23:17:18+05:30		
results/coldsite_dti_davis_cold_target_regression_seed1.pt	501419c379e6f243f21ab6f9040ca6f346126b648340421b19b9893bc9e13b7b	d6259a62d52202a79dfacea41f38df9c	2465560	2026-09-10T22:53:12+05:30	ignored			
results/coldsite_dti_davis_cold_target_regression_seed1_history.json	32abddfc6129c9aa69d37e25d54f827d8e4a7d860f569de0a7185ae4a0040218	3f3d03eb0d080549dc33c6cedfd75712	8641	2026-09-10T22:53:12+05:30	tracked-clean	2026-09-10T23:17:18+05:30		
results/coldsite_dti_davis_cold_target_regression_seed2.pt	0799a43eceeb9026a2aa1626cdd8df4a355f6d95535e50d5ef4a5d689388fa98	71b193b43106ce336eabdd1300a44dfe	2465560	2026-09-10T22:53:12+05:30	ignored			
results/coldsite_dti_davis_cold_target_regression_seed2_history.json	52879cc81191104679035d9fdb5c1b903c91bbe1c3627926e0050489c9d64cbb	4fc773c01f1d13a26584bc14e868b613	15257	2026-09-10T22:53:12+05:30	tracked-clean	2026-09-10T23:17:18+05:30		
results/coldsite_dti_davis_cold_target_regression_seed3.pt	ee3f51349dc218266ea9e007139909e320e22f3255b70c3e79265806fdcd0ec0	29a00f15dde4348581dd205ca3f36b6f	2465560	2026-09-10T22:53:12+05:30	ignored			
results/coldsite_dti_davis_cold_target_regression_seed3_history.json	2fa96267422a204f4af6df8b10c3be6beb29f80bbdde3a557d511f471dc047ee	400b57d7a9f427c3df7b5156a46d3a65	8653	2026-09-10T22:53:12+05:30	tracked-clean	2026-09-10T23:17:18+05:30		
results/coldsite_dti_davis_random_regression_seed1.pt	aad2e1dbf866ac2609ca5c43d716acb72ad9233f4a7c8662bed46c5b4ce756e9	8012ca2f02922deb6b20c1f9b533e0cc	2465365	2026-09-10T22:53:12+05:30	ignored			
results/coldsite_dti_davis_random_regression_seed1_history.json	ae917e53aafe8c9c6bc78aaa8ecd0e97ac5a6626a9e0e741e46e9e970f01703f	01f30785a3aa0783a6c3d91fbf94f493	7692	2026-09-10T22:53:12+05:30	tracked-clean	2026-09-10T23:17:18+05:30		
results/coldsite_dti_davis_random_regression_seed2.pt	314d9555d0fa31a8e602ac500f6c460402906b84da421f560f65d26ac91ff9d2	4b5955b956f6c01a3529a2e514b5b15d	2465365	2026-09-10T22:53:12+05:30	ignored			
results/coldsite_dti_davis_random_regression_seed2_history.json	153a7e9d3d4fab986247881a23c8d28fb41b0137736659289ad45075734285aa	bae5f39e37500838ee1e87e9961e30d7	21430	2026-09-10T22:53:12+05:30	tracked-clean	2026-09-10T23:17:18+05:30		
results/coldsite_dti_davis_random_regression_seed3.pt	b7a83df76d2ac4c8e1f7848d9002516168658d3a35c58a93a15be990dc4b7604	2afd771d6e81786e69d67ead676224e6	2465365	2026-09-10T22:53:12+05:30	ignored			
results/coldsite_dti_davis_random_regression_seed3_history.json	470e47cd176c6985eaf5800306b16b9235452df6ba398845d0b85ff8b01a2b91	7573a748d48133ea9cc9366674641c82	15245	2026-09-10T22:53:12+05:30	tracked-clean	2026-09-10T23:17:18+05:30		
results/coldsite_dti_dummy_dummy_regression_seed42.pt	3671ce14b21779dfe2e1a9bb41bfe17faa820e6efcc55d5fe9357c39a8d8dcd3	6514c61f7ea299ecdbbeb2d15b12ce6a	2466421	2026-09-11T00:08:28+05:30	ignored			
results/coldsite_dti_dummy_dummy_regression_seed42_history.json	5d0af9a8a251386285112f48ed5227e90427ba10ad1815dfbb5a70bd308fc2cc	a91cfe797d2163d9bb65a00b7d3d829c	229	2026-09-11T00:08:29+05:30	ignored			
results/davis_cold_drug_regression_seed1_results.json	b38705bd80673d0f329ef4229fcec1a87740c54d0a42ffa773498113d786d840	2ee1a40e68a1b653d2f001cf8041e3ec	581	2026-09-10T22:53:12+05:30	tracked-clean	2026-09-10T23:17:18+05:30		
results/davis_cold_drug_regression_seed2_results.json	4b658298e96d031a6585660f826e66455c56dcb2d23b63c9fdbc6d45ae6221da	129ee5d11aa71478dc614b78df14a76d	581	2026-09-10T22:53:12+05:30	tracked-clean	2026-09-10T23:17:18+05:30		
results/davis_cold_drug_regression_seed3_results.json	979b7b5eb3f961531eb4000ff76811c6fd35a9bf1bbfbea7518264533d706941	2abd120500084783f509aef995ade3b0	583	2026-09-10T22:53:12+05:30	tracked-clean	2026-09-10T23:17:18+05:30		
results/davis_cold_pair_regression_seed1_results.json	8c9b1c7c35c4b215c5210a973d324537bc5de34fdd093d38889b5a5d83fd2a78	041b04b5e15b8cb74060760cc1e3a7e8	583	2026-09-10T22:53:12+05:30	tracked-clean	2026-09-10T23:17:18+05:30		
results/davis_cold_pair_regression_seed2_results.json	88544ccad13abfaddc1f21f9dca9bf89ee56a2ab6a43e2d1fce10c5501b4da7f	31d7753d8775330f54aa24d306c5a913	580	2026-09-10T22:53:12+05:30	tracked-clean	2026-09-10T23:17:18+05:30		
results/davis_cold_pair_regression_seed3_results.json	aa0c6436c0de29aa5e8f425ae0dc35fc048495bb1294b1fb5d8bd4ee16ccebdc	2e053e257d0da9dccc549f7ff7f825a6	580	2026-09-10T22:53:12+05:30	tracked-clean	2026-09-10T23:17:18+05:30		
results/davis_cold_target_regression_seed1_results.json	ebf7f511654fb3fc6fefe65df6bdd249f5cb97bacb1578ba5f4d7f96582a995f	54a34f658a032adb225bc25e5f476715	588	2026-09-10T22:53:12+05:30	tracked-clean	2026-09-10T23:17:18+05:30		
results/davis_cold_target_regression_seed2_results.json	69fb4a7a51a9e4f8d251e4c86bbeb502823e391d9d42503f635efebe80eaac5d	ff1b3170711dc4bad141234078a97840	589	2026-09-10T22:53:12+05:30	tracked-clean	2026-09-10T23:17:18+05:30		
results/davis_cold_target_regression_seed3_results.json	8d9e2da4fe161f2e379bb5923919cf4ff580062fbe7db8a6f8986ca99ecae2be	739eec521cf0d08e9e78b26411784bfb	589	2026-09-10T22:53:12+05:30	tracked-clean	2026-09-10T23:17:18+05:30		
results/davis_random_regression_seed1_results.json	51884e6ec2994bca0c1c167ba9890ba66eefdbbc36bce80a995e15c7388ae1a8	6eff404fa5b0c9dc027fa13495cdb96b	573	2026-09-10T22:53:12+05:30	tracked-clean	2026-09-10T23:17:18+05:30		
results/davis_random_regression_seed2_results.json	593c9da4f112bd773831e928c7b505aeab3dd9424f1ef9e2866fa13d567ffd67	6c339d42595478d976a03ea98c837b7c	573	2026-09-10T22:53:12+05:30	tracked-clean	2026-09-10T23:17:18+05:30		
results/davis_random_regression_seed3_results.json	99de62aa57adcf4275b1c9823f2f39e89bb23ca4559fa481d9184fd746cd06ea	5428f55169be2d78c29988c74d2b490d	574	2026-09-10T22:53:12+05:30	tracked-clean	2026-09-10T23:17:18+05:30		
results/davis_replication_run1.md	c8c6eff4870c45a4cd96635163ad6f35e1ddb9d4b37ea4cf66e61eced07b65fb	5978b9469dbe7ef477a24112fc28781a	2709	2026-09-10T23:16:35+05:30	tracked-clean	2026-09-10T23:17:18+05:30		
results/drug_dependence/drugban.txt	f9ce5903af430ef8ba3b0065e558c34cfb6b08b4dd3ac7d2db00b3d406b395fc	b005c40c97e4b69e1a6dda189edb7ecf	148	2026-09-19T20:26:46+05:30	tracked-clean	2026-09-19T22:25:11+05:30		
results/drug_dependence/hyperattentiondti.txt	75826c178a93ca1abc1e8bbf1130c0f70a8187300715bc332f53a98759e4d6db	9bda83a7cba1795dcdafd484bd9167a6	159	2026-09-19T20:27:44+05:30	tracked-clean	2026-09-19T22:25:11+05:30		
results/drug_dependence/moltrans.txt	0a9f576e1321d3945947cb28d7046d1ac69b03765172d79c0a21841be49c2146	21ff5218da304032296e58936eaaa4cf	152	2026-09-19T20:32:59+05:30	tracked-clean	2026-09-19T22:25:11+05:30		
results/drug_dependence/moltrans_interaction.txt	1111ca5b5ccb91fa9199663ac597f69f7020ca5447742e9ea0af4c73ab2b8b81	8b36dbaac14bbaa26869a5a2a1d30af3	161	2026-09-20T13:41:59+05:30	tracked-clean	2026-09-20T13:45:29+05:30		
results/drug_sites_davis.md	fccb51e97c7090976d3719867b63ea39006f89b30006c047edfb052720f58b42	73caf78a654536222ef74b6b8a1de0b7	1046	2026-09-14T05:20:55+05:30	tracked-clean	2026-09-14T05:23:03+05:30		
results/dummy_dummy_regression_seed42_results.json	fcfbbf5d19f19a24480be5f0bd951a2f6b0384e32cb2b04869c3e8f1a5d241ea	bad1f9231e303ca612c1fc7d00fd385a	550	2026-09-11T00:08:34+05:30	ignored			
results/effects_v2/enrichment.csv	505a52000e2164ac449467ea9ef79465fe7c74efc78e1dd0f91f7575a5c23151	19645507254f4d2d6430d4c621f0c2dd	23908	2026-09-25T04:38:34+05:30	tracked-clean	2026-09-25T01:54:15+05:30		
results/effects_v2/enrichment.md	f5b75024278977994f9643312e986deab665c614e3a324e4118a405f4a23bbfd	f48ea3930ee17c0b123e5764a4d6771e	10882	2026-09-25T04:38:34+05:30	tracked-clean	2026-09-25T01:54:15+05:30		
results/effects_v2/faithfulness/accuracy_davis_seed1.json	8696f85d25c05e835a7ff2f37cb2fb9ded93327834d82bfd668e3bd77dc19490	f699649b192835b8d43a33f5eeaddc7b	140	2026-09-25T02:17:54+05:30	tracked-clean	2026-09-25T04:44:32+05:30		
results/effects_v2/faithfulness/accuracy_davis_seed2.json	abd3b5ddd60923ed6d126f23ab5ca1936192f015c39f2ddf56a7b9507403b910	0b08a58243b78ccc66ede912a2713380	141	2026-09-25T02:58:22+05:30	tracked-clean	2026-09-25T04:44:32+05:30		
results/effects_v2/faithfulness/accuracy_davis_seed3.json	7cc2a64eebfe40639b5bf6620929102d11ef481d90a58c67ecbfea9c2ae8c549	05c47d3d6051ec4756aa6d722402bc98	141	2026-09-25T03:49:20+05:30	tracked-clean	2026-09-25T04:44:32+05:30		
results/effects_v2/faithfulness/accuracy_hyperattentiondti_davis_seed1.json	e8b24a816fb1647d2fc6d68dd583bc248e96af31094ea5ee2fd5077bdb408843	8c75d51dc4e66fa61a64f7e4b0571d04	141	2026-09-25T02:28:32+05:30	tracked-clean	2026-09-25T04:44:32+05:30		
results/effects_v2/faithfulness/accuracy_hyperattentiondti_davis_seed2.json	f949bc6e0c9a3627223905dba15aa658f76b4f91ba14b37ab7cdd53f58cc8e14	027f464b6b9ff94c801cc11507d5ad09	141	2026-09-25T03:09:08+05:30	tracked-clean	2026-09-25T04:44:32+05:30		
results/effects_v2/faithfulness/accuracy_hyperattentiondti_davis_seed3.json	76bb9a02155fa4ac03a97deaa35ae4814097d44956c42b7a7afccca7d013b909	ff4b0802a1d48295f486f0816bc5c2c9	141	2026-09-25T03:55:20+05:30	tracked-clean	2026-09-25T04:44:32+05:30		
results/effects_v2/faithfulness/accuracy_hyperattentiondti_kiba_seed1.json	ec92a204a0c128d83db0707d4f63105964a451c2fed9c9b8ec9200748952a313	a3ce5d71435e9aaf492b42ea5711175f	111	2026-09-25T02:39:44+05:30	tracked-clean	2026-09-25T04:44:32+05:30		
results/effects_v2/faithfulness/accuracy_hyperattentiondti_kiba_seed2.json	813f56139ac2c8005c4b2426517bb3f7ace9f09964951e3dfa6f0151415d2cf3	6babb2b93cefb1b79034de735771a2b5	111	2026-09-25T03:35:30+05:30	tracked-clean	2026-09-25T04:44:32+05:30		
results/effects_v2/faithfulness/accuracy_hyperattentiondti_kiba_seed3.json	ef76374c9044f3b834e13e9c57628993190adedca714cd15c32d9691ff3184a0	87571cb226e667e794577088063948cc	111	2026-09-25T04:01:53+05:30	tracked-clean	2026-09-25T04:44:32+05:30		
results/effects_v2/faithfulness/faithfulness_davis_seed1.json	8d0ed6aaaa16a5635f94fa64e7d0d07e1debc9b48ab92c393ab6439bdd000160	af80eabb6a00c04c7b6827f5edf6e769	126982	2026-09-25T02:17:54+05:30	tracked-clean	2026-09-25T04:44:32+05:30		
results/effects_v2/faithfulness/faithfulness_davis_seed1.md	c9c01d635952ea20f60229b9f70003894224064fc6be157e58f5ee4587dcb6a4	ccc66021399f61f5ddaf07a87ee7bb5c	904	2026-09-25T02:17:54+05:30	tracked-clean	2026-09-25T04:44:32+05:30		
results/effects_v2/faithfulness/faithfulness_davis_seed1.png	54fb156ade2f0e56eddd7798685d6d872c65175f190a0f9e0849a340ae55cfdd	2fb12aaceab08b275b06b3dcba2d6a72	75016	2026-09-25T02:17:54+05:30	ignored			
results/effects_v2/faithfulness/faithfulness_davis_seed2.json	143a26c54b390d2d8b43ccadfc6de8f048d91dcc158e9cf9012ac876a1b25e62	92b926a940ff9dcaca49e02998c0983e	126403	2026-09-25T02:58:22+05:30	tracked-clean	2026-09-25T04:44:32+05:30		
results/effects_v2/faithfulness/faithfulness_davis_seed2.md	a4a60164f25a4c11e9c669c96a7161b2b7fdc905d9357f5ce4e7a298ac138b16	a7d650bf6d76684177bd8735e696f3aa	904	2026-09-25T02:58:22+05:30	tracked-clean	2026-09-25T04:44:32+05:30		
results/effects_v2/faithfulness/faithfulness_davis_seed2.png	7c6450e865ca89a9aa43b49b9c2afc44683529add0d4c485355cc408c8fe8c22	c7e96d1abab04d347c68c2226d7c2b0b	67528	2026-09-25T02:58:22+05:30	ignored			
results/effects_v2/faithfulness/faithfulness_davis_seed3.json	f17f4ccef3454704757dfba476c65bff032d1096064bcd99f6d2363c6657cb23	3611e8e72b8b52ea2743f60eb3cdb981	126953	2026-09-25T03:49:19+05:30	tracked-clean	2026-09-25T04:44:32+05:30		
results/effects_v2/faithfulness/faithfulness_davis_seed3.md	744a4ea7adf5e74b577a78abf4538eee18e5d7c885609ad7387eabfefc9887f7	c542991a781bb418e1d0db1716be31c0	904	2026-09-25T03:49:19+05:30	tracked-clean	2026-09-25T04:44:32+05:30		
results/effects_v2/faithfulness/faithfulness_davis_seed3.png	cfa6350045d74000768297cdcbd9f6bd1d5a45ba89f54a96c7e2112f081ed985	c4c956cbb195a00aa0cb79dab0b9e535	69744	2026-09-25T03:49:20+05:30	ignored			
results/effects_v2/faithfulness/faithfulness_hyperattentiondti_davis_seed1.json	b97408e4b4387c260276ace0344df38bad89b61ce4878a1f8f7d662e93c25358	2426511ab93532625d23034f254e116b	128341	2026-09-25T02:28:32+05:30	tracked-clean	2026-09-25T04:44:32+05:30		
results/effects_v2/faithfulness/faithfulness_hyperattentiondti_davis_seed1.md	70c32bcaee8f9f9c10d1f72436a76049008b1e968f751d1f190980ae7423d459	d61cd9ca41e4156502bfe177ca56f014	922	2026-09-25T02:28:32+05:30	tracked-clean	2026-09-25T04:44:32+05:30		
results/effects_v2/faithfulness/faithfulness_hyperattentiondti_davis_seed1.png	16d82ab482e54f4d0b00684067f34dc4a3c2278dc7647c92df8a4522080a4ed7	a4407edff8c588905f0ad602d4e92e1e	73018	2026-09-25T02:28:32+05:30	ignored			
results/effects_v2/faithfulness/faithfulness_hyperattentiondti_davis_seed2.json	25dbc60da9befccc019d6ed5f9f974772ff32fa83a92b62f3e1ab0bd9bd2129b	63a7ece7e3e433a4953c9c398f393c14	124500	2026-09-25T03:09:07+05:30	tracked-clean	2026-09-25T04:44:32+05:30		
results/effects_v2/faithfulness/faithfulness_hyperattentiondti_davis_seed2.md	097d67bcced393cb7a979e5626005eff1cd41c1c8d1867bbed2bb2d3751dc886	48de0526eea668c94808f809a4d5879e	922	2026-09-25T03:09:07+05:30	tracked-clean	2026-09-25T04:44:32+05:30		
results/effects_v2/faithfulness/faithfulness_hyperattentiondti_davis_seed2.png	0ec04bfe7f8107dcaf76753557437324c47d332a040969d7d3e42c922ba58973	4a0b0de2ecddd5dedc90be050248a607	79454	2026-09-25T03:09:08+05:30	ignored			
results/effects_v2/faithfulness/faithfulness_hyperattentiondti_davis_seed3.json	03311e7a1bf7f6277e01197ac416546766cafec057ef383a0308ed661636ddfc	46beeae01f1227573e3fc996c040c697	128548	2026-09-25T03:55:20+05:30	tracked-clean	2026-09-25T04:44:32+05:30		
results/effects_v2/faithfulness/faithfulness_hyperattentiondti_davis_seed3.md	543e707c2dfe541369d01ab266b115f7e2a10848052926fd2c2c55f54c6ea925	1a20cd39f91d81bfce51d0409da15556	922	2026-09-25T03:55:20+05:30	tracked-clean	2026-09-25T04:44:32+05:30		
results/effects_v2/faithfulness/faithfulness_hyperattentiondti_davis_seed3.png	56a7d5380f0aad87ec2e5dc9fefa3fe2b6c39c564fd08a26a660e22176607766	9f68bc248fe8b11dd9b9e5b8f2676a43	75940	2026-09-25T03:55:20+05:30	ignored			
results/effects_v2/faithfulness/faithfulness_hyperattentiondti_kiba_seed1.json	5252f1532349dc0b09d2b555934fc7e16501a6f2331c74e5ce9592dfffb2ebbb	b498ea4767c550bba9ab9ff3b4db4279	64375	2026-09-25T02:39:43+05:30	tracked-clean	2026-09-25T04:44:32+05:30		
results/effects_v2/faithfulness/faithfulness_hyperattentiondti_kiba_seed1.md	232d2ee4e5cada48c817de00cf1cd95c49288ec36d2ac29bad2cee6dd59f5fcb	fbb368f9786f5b9ad1bf74f32361fc77	751	2026-09-25T02:39:43+05:30	tracked-clean	2026-09-25T04:44:32+05:30		
results/effects_v2/faithfulness/faithfulness_hyperattentiondti_kiba_seed1.png	0726ac65dbe7d4e80279ea319d6f02fbc03652c713d45e249aa2916cae28bed2	0e66f528c81248c9ce19c4a11db04a31	74767	2026-09-25T02:39:44+05:30	ignored			
results/effects_v2/faithfulness/faithfulness_hyperattentiondti_kiba_seed2.json	8f70777bcbf4efae989ed3553f3a03e92f4494d5bc01c5dec9cc487797142a1f	767ba1e1f41cd6d826e694813fdabb02	64467	2026-09-25T03:35:29+05:30	tracked-clean	2026-09-25T04:44:32+05:30		
results/effects_v2/faithfulness/faithfulness_hyperattentiondti_kiba_seed2.md	49b844fbc4071b3ce393cc14b38a54e81b5204e8e684d46ebad4c88e696b1c01	0dc5174947187bc7745dfdef977e8ff2	751	2026-09-25T03:35:29+05:30	tracked-clean	2026-09-25T04:44:32+05:30		
results/effects_v2/faithfulness/faithfulness_hyperattentiondti_kiba_seed2.png	47229e981d133548408748da402100325d5cc68347821a9ce22fd582c4c6e0b6	ef83b1f2ed5875c4cacc0d1cb59285f0	76107	2026-09-25T03:35:30+05:30	ignored			
results/effects_v2/faithfulness/faithfulness_hyperattentiondti_kiba_seed3.json	ec5017d9377709b263e5ccfedf5a6eda1e334b237f1b730668e783b473378734	4453046620bc99f668b74d5962b7248e	64341	2026-09-25T04:01:53+05:30	tracked-clean	2026-09-25T04:44:32+05:30		
results/effects_v2/faithfulness/faithfulness_hyperattentiondti_kiba_seed3.md	64a588b718f2fb0a55882d4767b4455490c1d74956e9a363fc93469d5c771cf1	588a82d689f9f183b1bc57d93167af4b	751	2026-09-25T04:01:53+05:30	tracked-clean	2026-09-25T04:44:32+05:30		
results/effects_v2/faithfulness/faithfulness_hyperattentiondti_kiba_seed3.png	e4d4a86eda35825367cfb161e5cf2f77cf71b6e51bb301513bb77b7b3b0bf865	ba623e0edad8e83f45da30885a405537	80276	2026-09-25T04:01:53+05:30	ignored			
results/effects_v2/faithfulness/token_faithfulness_moltrans_davis_seed1.json	dc2d73eb63842aa860747d8df368ef870c46a71712e53d20a303326e0d64ae80	97cee17e1e89e29bc349f37b30a1d6e7	71849	2026-09-25T02:34:14+05:30	tracked-clean	2026-09-25T04:44:32+05:30		
results/effects_v2/faithfulness/token_faithfulness_moltrans_davis_seed1.md	56d657c87dee7b0a762c1c0ee6d5566ecbe5f98cda8a6a4ed02ee00704834c47	7803ecf5b9a328b69c062133862e3c03	1153	2026-09-25T02:34:14+05:30	tracked-clean	2026-09-25T04:44:32+05:30		
results/effects_v2/faithfulness/token_faithfulness_moltrans_davis_seed2.json	35026bb6bed629e20ff424df6a8e43e6bdf33cdae60e608c7d8e4560aeedc7b8	35af1e7410524dc743e93a0ddf80f17b	71648	2026-09-25T03:14:51+05:30	tracked-clean	2026-09-25T04:44:32+05:30		
results/effects_v2/faithfulness/token_faithfulness_moltrans_davis_seed2.md	676c15e15dfd11e14698394ef6fffcfe361558befc8ad104140a15a80083d77d	adb9339399e4f230f24d265e057f8131	1153	2026-09-25T03:14:51+05:30	tracked-clean	2026-09-25T04:44:32+05:30		
results/effects_v2/faithfulness/token_faithfulness_moltrans_davis_seed3.json	2e1a678b7c843b21b1b998a426f58bad53ce3002d421db3194836b71715336df	03747476e561e9376cd077989b7493e2	71363	2026-09-25T03:58:41+05:30	tracked-clean	2026-09-25T04:44:32+05:30		
results/effects_v2/faithfulness/token_faithfulness_moltrans_davis_seed3.md	effa2ede76a1f6a71d07a8b99794b90ba3fd4b4aca7a0718266e7ca585c58144	e591ca00bdba88f943bcf1029a57eb29	1153	2026-09-25T03:58:41+05:30	tracked-clean	2026-09-25T04:44:32+05:30		
results/effects_v2/faithfulness/token_faithfulness_moltrans_kiba_seed1.json	589a17f76abcd2a73a3ec5320b3414dbad11eca066f66989bad7fbee61b692e8	6f9b9aedb8031d4620f19a2441080d60	51850	2026-09-25T02:43:57+05:30	tracked-clean	2026-09-25T04:44:32+05:30		
results/effects_v2/faithfulness/token_faithfulness_moltrans_kiba_seed1.md	db8ffc214005b9fa6adeb160f268bc7079a7d03b9aeaede31dced7938fb9a16c	208447ad777515c72922daa6e72ee7fd	1110	2026-09-25T02:43:57+05:30	tracked-clean	2026-09-25T04:44:32+05:30		
results/effects_v2/faithfulness/token_faithfulness_moltrans_kiba_seed2.json	985228c3375e7c46ef59203d109853c14302b76dafd5266e63ba1915c5768355	294aed5a4451c20ebb7ab638117cd468	51957	2026-09-25T03:39:35+05:30	tracked-clean	2026-09-25T04:44:32+05:30		
results/effects_v2/faithfulness/token_faithfulness_moltrans_kiba_seed2.md	328ca8ba05ea43e78aff912328f3f6caba087a2ac3f2847dcf08e142969e31a2	026b5bad9b83a3c84b78b34bf307273e	1110	2026-09-25T03:39:35+05:30	tracked-clean	2026-09-25T04:44:32+05:30		
results/effects_v2/faithfulness/token_faithfulness_moltrans_kiba_seed3.json	44723d7f2b8d83edd3c58667b70c91b9f373f06d6f58a396933c4bae942b38ba	1e6a819956509eb011cdfb8d77b901eb	51660	2026-09-25T04:04:16+05:30	tracked-clean	2026-09-25T04:44:32+05:30		
results/effects_v2/faithfulness/token_faithfulness_moltrans_kiba_seed3.md	1b79e06bc97d53f94d309baab88d2170fd6ba9950b72da807c447be345f6d91e	2f478605cd31d61ae65c3be6341424c9	1110	2026-09-25T04:04:16+05:30	tracked-clean	2026-09-25T04:44:32+05:30		
results/effects_v2/faithfulness_effects.csv	4ba6b1e04fab9f1545a7bf58a101d323096df6978fa55221535d599c99c62344	c83808fbef9167852ebc21df1aef2ad0	3448	2026-09-25T04:38:34+05:30	tracked-clean	2026-09-25T04:44:32+05:30		
results/effects_v2/faithfulness_effects.md	2dc1d12982e7c0cf483a2b15e71314385ee9fc20c873e991848ecbad8c94ec13	ed29200cf47be1a0e60f0819d6456290	2542	2026-09-25T04:38:34+05:30	tracked-clean	2026-09-25T04:44:32+05:30		
results/effects_v2/inputs_sha256.json	e2cf6b3eaedb78e26a48f597ab906face76e7a94e2fb5fd7c28eff694218c925	dd27e4eade8f5591710902de802a4bff	13196	2026-09-25T04:38:34+05:30	tracked-clean	2026-09-25T04:44:32+05:30		
results/effects_v2/problems.txt	1bd9182ad48c01ef7b2c2ce1086693eef0683b5e1888049f0a980f48602a6874	3a8fe2681383ad8342fa823b5f7a9615	1962	2026-09-25T04:38:34+05:30	tracked-clean	2026-09-25T01:54:15+05:30		
results/effects_v2/reproduction.json	b9b3f377d8c5d89e49fee8c565a1b8ad0c4646e52c07b6f2f7234bc1f8293c68	9286b35cd0a88b90599da3c70f5ac90e	1153	2026-09-25T04:38:34+05:30	tracked-clean	2026-09-25T01:54:15+05:30		
results/effects_v2/seed_spread.csv	af43432ad22f83006e5b3cc44daeefee0e5b313c14f3b12790f7c98579cb5d03	25010c647559d4c9051435c879850365	18082	2026-09-25T04:38:34+05:30	tracked-clean	2026-09-25T01:54:15+05:30		
results/effects_v2/seed_spread.md	5f99e367abd83bf4afc9b7fc4b43d05bcb5adf7c9de7308227e7c92a6394369d	ec6263f3813e5014f48b644fa4758b46	10588	2026-09-25T04:38:34+05:30	tracked-clean	2026-09-25T01:54:15+05:30		
results/effects_v2_2d/enrichment.csv	270ae0d9f1182942b4defc40fdf5bea08ef5658efaeb33125e0436c70b59ae63	29db71dc1bec72f69cbfff6fcf9c89b3	25309	2026-09-25T13:32:10+05:30	tracked-clean	2026-09-25T13:56:55+05:30		
results/effects_v2_2d/enrichment.md	aa3ef8d877f482a221afe5e2bc5459f3ad5e31c11c810f87bc8e00dfabbc8722	68e4944bb652743a81585db94e6dd0cf	11197	2026-09-25T13:32:10+05:30	tracked-clean	2026-09-25T13:56:55+05:30		
results/effects_v2_2d/faithfulness_effects.csv	267574b98605511da8cdd858369f8ff6416530f667bdeeab454db0814df6905b	0d89d482162ce18629a3c0662fcb6c92	3794	2026-09-25T13:32:10+05:30	tracked-clean	2026-09-25T13:56:55+05:30		
results/effects_v2_2d/faithfulness_effects.md	daf76984c21913c88e411277c43e42cd0bbb37f04d4da4bff87f1b87e5670074	78fd87402da93afd996e0c4bd9e7582d	2871	2026-09-25T13:32:10+05:30	tracked-clean	2026-09-25T13:56:55+05:30		
results/effects_v2_2d/inputs_sha256.json	e2cf6b3eaedb78e26a48f597ab906face76e7a94e2fb5fd7c28eff694218c925	dd27e4eade8f5591710902de802a4bff	13196	2026-09-25T13:32:10+05:30	tracked-clean	2026-09-25T13:56:55+05:30		
results/effects_v2_2d/problems.txt	1bd9182ad48c01ef7b2c2ce1086693eef0683b5e1888049f0a980f48602a6874	3a8fe2681383ad8342fa823b5f7a9615	1962	2026-09-25T13:32:10+05:30	tracked-clean	2026-09-25T13:56:55+05:30		
results/effects_v2_2d/reproduction.json	b9b3f377d8c5d89e49fee8c565a1b8ad0c4646e52c07b6f2f7234bc1f8293c68	9286b35cd0a88b90599da3c70f5ac90e	1153	2026-09-25T13:32:10+05:30	tracked-clean	2026-09-25T13:56:55+05:30		
results/effects_v2_2d/seed_spread.csv	f86e077f082883cafa69e914b5387d8cd404e5d69f94189229dcf989d62ebf53	b4fc5b1762cb1fb2bf20710f2c2e9928	18102	2026-09-25T13:32:10+05:30	tracked-clean	2026-09-25T13:56:55+05:30		
results/effects_v2_2d/seed_spread.md	488ced1007164cc1df7a5a16c593bc9c2fa08e85f924d5b649f41724064081c3	3a2db002891d29f153273446cd657c5f	10588	2026-09-25T13:32:10+05:30	tracked-clean	2026-09-25T13:56:55+05:30		
results/evidti_code_audit.md	556848f07ea72f0f7c3ab744925543e44a7139c51ffab5e2fc0f2787486bc4d9	6e7090c2f1bb44a53a38f17341fbb84a	3196	2026-09-18T02:49:04+05:30	tracked-clean	2026-09-18T02:52:03+05:30		
results/faithfulness_k50_davis/accuracy_drugban_davis_seed1.json	819a9fa0bbad8fa81b02528a6685cef93b5e2819197b098d876ffb18cc8ee882	20482313caf113ffe8a675c2df013871	140	2026-09-19T21:53:12+05:30	ignored			
results/faithfulness_k50_davis/accuracy_drugban_davis_seed2.json	3b87ea1e1759be72b6fd37ff3442972887af18fe2a118ebbf50078bb79851053	72d994d3a1623eedbeefb9768ef96608	141	2026-09-19T21:53:04+05:30	ignored			
results/faithfulness_k50_davis/accuracy_drugban_davis_seed3.json	a7ef41b57b99d0ce83de7548c827c4153d7504356b3e0f6af7417d1091429b6b	983e186fdcecc9af6874597d526ca3f6	141	2026-09-19T21:53:09+05:30	ignored			
results/faithfulness_k50_davis/accuracy_hyperattentiondti_davis_seed1.json	e8b24a816fb1647d2fc6d68dd583bc248e96af31094ea5ee2fd5077bdb408843	8c75d51dc4e66fa61a64f7e4b0571d04	141	2026-09-19T21:48:40+05:30	ignored			
results/faithfulness_k50_davis/accuracy_hyperattentiondti_davis_seed2.json	f949bc6e0c9a3627223905dba15aa658f76b4f91ba14b37ab7cdd53f58cc8e14	027f464b6b9ff94c801cc11507d5ad09	141	2026-09-19T21:48:26+05:30	ignored			
results/faithfulness_k50_davis/accuracy_hyperattentiondti_davis_seed3.json	76bb9a02155fa4ac03a97deaa35ae4814097d44956c42b7a7afccca7d013b909	ff4b0802a1d48295f486f0816bc5c2c9	141	2026-09-19T21:48:40+05:30	ignored			
results/faithfulness_k50_davis/faithfulness_drugban_davis_seed1.json	2229075d63b043d57fabbc25f8156aa48edcf303dc600f73f5cfb41eac7441f1	3ba0bc61b38caaa1403d3624eb19df08	2220	2026-09-19T21:53:11+05:30	ignored			
results/faithfulness_k50_davis/faithfulness_drugban_davis_seed1.md	14ef89520f544779ddbad396d4e326ea85d21d3e8ea440052863074661b8f267	4a17e824e9df1b424612020e695243b1	920	2026-09-19T21:53:11+05:30	tracked-clean	2026-09-19T22:25:11+05:30		
results/faithfulness_k50_davis/faithfulness_drugban_davis_seed1.png	3b81454b3d43bad76c6e4820487c93f5a2706038629c24d15ee1c04bac5f6698	84e6d6bfd46ea91059930444a449fbf3	77166	2026-09-19T21:53:12+05:30	ignored			
results/faithfulness_k50_davis/faithfulness_drugban_davis_seed2.json	212f5ee65c0af261d6fee6f3d55b79c31d15109f85cf484e01b8d9043e138ec4	cdefaf90c68630e4186d191b4f7ac484	2218	2026-09-19T21:53:03+05:30	ignored			
results/faithfulness_k50_davis/faithfulness_drugban_davis_seed2.md	e861a83e12199ba07679b103ffa56b134f43d6f192407af28ee82f93b9ba531e	a9f0ab121d48554dc21e70c8ac8faeaf	916	2026-09-19T21:53:03+05:30	tracked-clean	2026-09-19T22:25:11+05:30		
results/faithfulness_k50_davis/faithfulness_drugban_davis_seed2.png	1b07b9871d25607ff23b0f38ed3a308c563a5688e28dedd175536999886640d3	0750675d4580582b236cdc7b508cdc43	73883	2026-09-19T21:53:04+05:30	ignored			
results/faithfulness_k50_davis/faithfulness_drugban_davis_seed3.json	7982c2710040a0cb69a8b0ca6c63d07ccbced473c6c5e7ab1ac761b590f86401	a54da97c1e274cfa099e7f7d13645c1c	2221	2026-09-19T21:53:08+05:30	ignored			
results/faithfulness_k50_davis/faithfulness_drugban_davis_seed3.md	8083e2761203f3bcad605272d94fbbc304172a2b5b0a385dfca3095573d47931	2d07f1673a5480a6e914717cceab450d	916	2026-09-19T21:53:08+05:30	tracked-clean	2026-09-19T22:25:11+05:30		
results/faithfulness_k50_davis/faithfulness_drugban_davis_seed3.png	10c12adb86d0861eda64022e53ba99901bab0bbce969950fbda22f7b9a4b97d1	c8d7189927af97f009ae1a52578059b4	73907	2026-09-19T21:53:09+05:30	ignored			
results/faithfulness_k50_davis/faithfulness_hyperattentiondti_davis_seed1.json	ce1dcf40f637d70ca7733ade70bdb16210c01267e89fba5f95e5070eecaa4936	f5a7dfe921ece331b9678c69b522ba51	2218	2026-09-19T21:48:39+05:30	ignored			
results/faithfulness_k50_davis/faithfulness_hyperattentiondti_davis_seed1.md	e2c8ed66309dc6f0eb3b89c2c95ae6e48a7eb056e1b13a01fae2de5d0c08845f	8b5bd366b7167c85dd2ae94b6ccf6a2e	930	2026-09-19T21:48:39+05:30	tracked-clean	2026-09-19T22:25:11+05:30		
results/faithfulness_k50_davis/faithfulness_hyperattentiondti_davis_seed1.png	7a24f224facbba5835e53c94eca36f5a37d2ec59dc9dfad04f92c845f77b6c68	a2c202024d81f45c24c59f44830b5927	72756	2026-09-19T21:48:40+05:30	ignored			
results/faithfulness_k50_davis/faithfulness_hyperattentiondti_davis_seed2.json	0e24ffec368a755117b8b73f77c19a2d2ce730c116c20b082382f33c1f81eb7f	81abf0dadaec2bea8058d90337fd3363	2218	2026-09-19T21:48:25+05:30	ignored			
results/faithfulness_k50_davis/faithfulness_hyperattentiondti_davis_seed2.md	e54f0b3399214b8afac1ce1e4a2fc8872429a8c42b51d96538146ca9c42169f8	b9895890e03d888622226e5447e61dff	922	2026-09-19T21:48:25+05:30	tracked-clean	2026-09-19T22:25:11+05:30		
results/faithfulness_k50_davis/faithfulness_hyperattentiondti_davis_seed2.png	6258d870e34ffe1821ad17ac17ba569f0b94c503f34da391e08b0910d9ba9895	b3acc4d96c856656f471e95f7b8e832c	71500	2026-09-19T21:48:26+05:30	ignored			
results/faithfulness_k50_davis/faithfulness_hyperattentiondti_davis_seed3.json	eca4378829272added7c1d9866cbb93e6390646e830f2c062d9c2b91bbc834c0	007a44f19751aa2a7db43548b795b31d	2222	2026-09-19T21:48:39+05:30	ignored			
results/faithfulness_k50_davis/faithfulness_hyperattentiondti_davis_seed3.md	450c7aa2cd5f0d9453e9939967c4d0df87bbad95296e568e8e241cc0266694f1	599cae0171740a4665181746637e1afc	930	2026-09-19T21:48:39+05:30	tracked-clean	2026-09-19T22:25:11+05:30		
results/faithfulness_k50_davis/faithfulness_hyperattentiondti_davis_seed3.png	fbb4f607c1c33683438af3e3abf7e767dc75be0ba6fbf9d792245dd39fe6f68b	23b88153baae84f05a94f0936f1224b7	73303	2026-09-19T21:48:40+05:30	ignored			
results/figures/CAPTIONS.md	812c67294ce79e5f370519f15ab1d508764e73f924f57522d3d90c987920e070	5f00fedcb22c05bc7c17c6242fa83a89	5391	2026-09-20T13:49:45+05:30	tracked-clean	2026-09-20T17:17:22+05:30		
results/figures/fig0_design.pdf	a06dc48c12ec1fb254ffad02b2066a650a825cf8123d4d122d93867f8bf9414f	a7e382a77bfbc894617b36aa8e327985	38031	2026-09-20T13:48:21+05:30	tracked-clean	2026-09-20T17:17:22+05:30		
results/figures/fig0_design.png	8f5f3bef61f7a93cff4cf7a5e72e2ebbeae192a6340b79d01c58a4cf71c4ca21	2bfb7e098114099e5210a3d546d23157	215341	2026-09-20T13:48:21+05:30	tracked-clean	2026-09-16T04:53:48+05:30		
results/figures/fig1_plausibility.pdf	8f1f8ef1fa37c2e6f1285a6f6c2a6fbdbfbf92b28438793d883418cd1890691c	24afd3b03934d9e570c24dfea02eb56d	29123	2026-09-16T04:30:15+05:30	tracked-clean	2026-09-20T17:17:22+05:30		
results/figures/fig1_plausibility.png	b591d0ca8e228843b7a3d2044a06e4c01cd6bb9be009926e89305f66cca9099c	44e36b727c892a45c6000e920c1b04ce	125577	2026-09-20T13:48:21+05:30	tracked-clean	2026-09-20T17:17:22+05:30		
results/figures/fig2_seeds.pdf	67e3f4bb93d8a75cce1a692103201c4f2a2b041ee129776b3706a413651c8388	dc5dab465002dde3f4fcc13be110e196	28578	2026-09-20T13:48:22+05:30	tracked-clean	2026-09-20T17:17:22+05:30		
results/figures/fig2_seeds.png	5bba9a9cb8ee217c2fb3121d31d25f93e3dc6d28bec3b7e18e99517d65c8abe7	978c59e871727a6de5a1cd175b7fb8b7	154093	2026-09-20T13:48:22+05:30	tracked-clean	2026-09-20T17:17:22+05:30		
results/figures/fig3_attention_vs_ig.pdf	114cb53ad87af60ecbc1690fa37a5b6f64fb36c267286c28830dc01c7cdfd609	f9b4f2499510e980a9669b4a74eae22c	33758	2026-09-20T13:48:22+05:30	tracked-clean	2026-09-20T17:17:22+05:30		
results/figures/fig3_attention_vs_ig.png	85eb8b62c4b18db283daf6fea49fd922748bf007d1d1a857e0c09e4720355d4f	3e1997c083ab9667c2a075e544a32e06	140823	2026-09-20T13:48:23+05:30	tracked-clean	2026-09-18T00:38:30+05:30		
results/figures/fig4_faithfulness.pdf	d55890804904d6ea190e304bc8bfa05d18bbb4174db90492f38eeaa7af0e44c2	1181664baaee8f0b264e185c169c71ff	27025	2026-09-20T13:49:08+05:30	tracked-clean	2026-09-20T17:17:22+05:30		
results/figures/fig4_faithfulness.png	09f553d8e985954443dadc340da64f8ca045c4201800934bf5f0f66aedecc8eb	dae64eb88ef44c3a9dadd55c1e6ce74b	94035	2026-09-20T13:49:08+05:30	tracked-clean	2026-09-20T17:17:22+05:30		
results/gpu0.log	d07d76f2a085f45e8b7b1b8e220c3a9edd0d6aa6c085d65c74fa48aea0b65d44	2c12c84dfb8d7fd9e6f4b11416aa1447	71656	2026-09-10T22:52:38+05:30	ignored			
results/gpu1.log	750326e442cadeed169451e4031ccef4c7db36ca3c4ab0d55147a109ab9ee8ef	cd4da0d1775dce46ce4a6597f10cacc4	61549	2026-09-10T22:52:38+05:30	ignored			
results/ladder_dryrun_regression_davis_seed1.md	4fb54188bd3df6184008bfdf2cff59c672ec140acb6d437b1cc4094b9f98c693	815746a917e7fe05298978f31063fe03	1528	2026-09-12T16:37:54+05:30	tracked-clean	2026-09-12T16:38:05+05:30		
results/leakage_retrain_davis.json	7a4743c470d277cf670528cbd83ed899245126c1c17142eb65183d48399a25eb	13f1215419ad0326e265f40025a50f14	14572	2026-09-14T01:51:23+05:30	ignored			
results/leakage_retrain_davis.md	e580d519c2a43a64679e783dd5d638f0eb47cdad1da72cfb3161b828c70594ba	936f3d1876b401b960b31834f1a066d3	2677	2026-09-14T01:51:23+05:30	tracked-clean	2026-09-14T01:59:04+05:30		
results/mask_comparability_davis.md	3fa82df04391d929056487be866b18f6dfcf70d87cf02fe42a835fbe484e5965	f01edac5ea92448d84f8ab226c1511aa	1860	2026-09-14T13:58:25+05:30	tracked-clean	2026-09-14T13:58:25+05:30		
results/positional_control_coldsite_dti_davis.json	b58dea4335ddbddf6d4840aba1cc876b59bd39b027b85909896e2cd7a7d43985	80550fa4a8cfad58464618b12a7b5fe9	30223	2026-09-13T08:13:42+05:30	ignored			
results/positional_control_coldsite_dti_davis.md	3663f8f3bd8b985dd152c471375cb0838198e7d1c84feab5f976eba385388520	cef657dc973bb461b152c438a4b3eed5	3639	2026-09-13T08:13:43+05:30	tracked-clean	2026-09-13T09:06:27+05:30		
results/positional_control_coldsite_dti_davis_klifs.json	10113bdfff854ab69228e9021dffcc613d2bf9c3de4b41e2801ffc573806fab4	3acf4d23690b17c64de108bed5ba8d0e	19442	2026-09-13T08:51:33+05:30	ignored			
results/positional_control_coldsite_dti_davis_klifs.md	d1544298e5defcd5ff00dbe0cf2b12a6069ccc17616dd6e24bf3ad67de202bab	512bb1353124e22d2cf3a696776142f1	2709	2026-09-13T08:51:33+05:30	tracked-clean	2026-09-13T09:06:27+05:30		
results/positive_control_davis.json	8381dbc833d5f9823a4da8af06cd0411c68f537c24755312c3d8e5b5fe0288ab	3683a1ad646d7d810fa0cdadce586c23	28380	2026-09-13T23:56:48+05:30	ignored			
results/positive_control_davis.md	64fb58b118b10356d525c5ca7ccbd29ef2af5caaf27405cbfa55f666ccfcd271	7145a319b7f6858f5ebf2f31141e6ca5	3885	2026-09-14T01:12:57+05:30	tracked-clean	2026-09-14T01:17:08+05:30		
results/positive_control_kiba.json	796b38fb47000576593ab048a6f82babe424d5c7e1937f535e20c2dfe2793696	fc37645084ac9c97d6d877d6228aeb9f	26518	2026-09-12T15:38:48+05:30	ignored			
results/positive_control_kiba.md	5367331278e794bcaa11c96c71bc5faa89697284e4d62324d71974d6b0780509	1145348fed78bc4e8caf2b0d8cd2ee6b	2873	2026-09-12T15:38:48+05:30	tracked-clean	2026-09-12T15:39:16+05:30		
results/readout_comparison.csv	bd12fa6ddbe069dd0c108055502e22f3d4f44ea81d0762c84e3f81ae17a5d862	da1bc107af97a7869096801eb4301f52	3957	2026-09-14T12:10:52+05:30	tracked-clean	2026-09-25T13:56:55+05:30		
results/readouts_drugban_davis/klifs/ladder_drugban_maxatom_davis_seed1.json	824be79723f084069207dab817762976b0ca2ce2813b1521318992a698a84c36	60690428423992948609217174e51292	56114	2026-09-19T20:59:30+05:30	ignored			
results/readouts_drugban_davis/klifs/ladder_drugban_maxatom_davis_seed1.md	d0ae5b1ff7b4b88194b2f2b4044e67d4e2b5b252152be3f7c79d0a8302538f2e	5c3133012371a6272bf3c398900b521b	475	2026-09-19T20:59:30+05:30	tracked-clean	2026-09-19T22:25:11+05:30		
results/readouts_drugban_davis/klifs/ladder_drugban_maxatom_davis_seed2.json	5a03c3ccf2d17338c24ad1941702af800c1da76658abca8bf033ef784b47d44e	d9a7167d5493d6cd95f102b99293afd1	56128	2026-09-19T21:08:07+05:30	ignored			
results/readouts_drugban_davis/klifs/ladder_drugban_maxatom_davis_seed2.md	4603d2bec94123627f1d2832a0edc2ff1297f33d43704e90320b515e01b4f6df	2c9a6bc5e0c51c395260ea17bf4a9aee	475	2026-09-19T21:08:07+05:30	tracked-clean	2026-09-19T22:25:11+05:30		
results/readouts_drugban_davis/klifs/ladder_drugban_maxatom_davis_seed3.json	470c73b580733a37dbfe92b46719c5ad8b5f95885686d756fb9646508b1a150b	32673a64c563ee8a9bcc31030b128a75	56042	2026-09-19T21:16:47+05:30	ignored			
results/readouts_drugban_davis/klifs/ladder_drugban_maxatom_davis_seed3.md	d6eb49416fa145e7dc123a8cb214af22a2199ef8fa246166fddb4bb6520d88de	4de7feef692bc565b166824e7b1ddf57	475	2026-09-19T21:16:47+05:30	tracked-clean	2026-09-19T22:25:11+05:30		
results/readouts_drugban_davis/klifs/ladder_drugban_receptive_davis_seed1.json	b6219f0e79769c3f4c683458a57bffef297498b033821ab98489222ff040a88f	f5d8d3ca3b1cd38baeb391344cc7a87f	55820	2026-09-19T21:25:39+05:30	ignored			
results/readouts_drugban_davis/klifs/ladder_drugban_receptive_davis_seed1.md	a2a68742e206de33ea1f0ecb5c6809d60698fbd7a428424c1fd1bf784d783418	b0e9d52350f8ebb20c3cd1b4a81b1695	477	2026-09-19T21:25:39+05:30	tracked-clean	2026-09-19T22:25:11+05:30		
results/readouts_drugban_davis/klifs/ladder_drugban_receptive_davis_seed2.json	6ab3442a7c2977289c3d25b51bb565f807d488b0b5c3b585de7b83a29a35c95a	a876ffa2b2f08dc0768e6b874ae4d003	55832	2026-09-19T21:34:06+05:30	ignored			
results/readouts_drugban_davis/klifs/ladder_drugban_receptive_davis_seed2.md	da6530d9820941722e27cff99636d91eb6d37cc84cc5e7d9dafc31d1a73d5d4d	583fab1d2f382ca38fc988b2bb909efd	479	2026-09-19T21:34:06+05:30	tracked-clean	2026-09-19T22:25:11+05:30		
results/readouts_drugban_davis/klifs/ladder_drugban_receptive_davis_seed3.json	d39542703627f193f96072bd24477ceceef3c4f42b54ca9e101f9807f93e98f7	b45ce12044b599f8058c0ac31c5c5bdd	55888	2026-09-19T21:42:17+05:30	ignored			
results/readouts_drugban_davis/klifs/ladder_drugban_receptive_davis_seed3.md	cccaf47bf2d4c270ed30d8659575fa6b8014eee959a67faee5a35bcd12455d0b	3f3aa7bbe8968ab40a99f9febd92c794	477	2026-09-19T21:42:17+05:30	tracked-clean	2026-09-19T22:25:11+05:30		
results/readouts_drugban_davis/ladder_drugban_maxatom_davis_seed1.json	0b35d7c3be7bc0c065b9d183a8e5ac8d9e4786f3aafb32559ada9e2cf5739bf6	ea2034abbba6e22519a0cbba36bee234	56127	2026-09-19T20:51:48+05:30	ignored			
results/readouts_drugban_davis/ladder_drugban_maxatom_davis_seed1.md	65419cb679d55f93d73ea22fbca846de33d68e186ae71cc094a9b3a6d2a08a23	06ec0806160d3f671d756284cf05e93a	476	2026-09-19T20:51:48+05:30	tracked-clean	2026-09-19T22:25:11+05:30		
results/readouts_drugban_davis/ladder_drugban_maxatom_davis_seed2.json	c6b913f9c818ddd013085bbdf5a6b8dd4a568a0982e4b0a4bb983a7a0e5f0e08	a7d4342e544c653b864191f4343fdafb	56113	2026-09-19T21:03:44+05:30	ignored			
results/readouts_drugban_davis/ladder_drugban_maxatom_davis_seed2.md	2a3b91015634691ae077c2b933eb04d32d5f29cd524c63175f72585122a71a52	94aa838143b54bba30489639f0faed5b	475	2026-09-19T21:03:44+05:30	tracked-clean	2026-09-19T22:25:11+05:30		
results/readouts_drugban_davis/ladder_drugban_maxatom_davis_seed3.json	4eedc578878e76af735541d223b09403d0bd411c714b6ef9afc20d20dd353517	2f97cc26a57d501553bae5a556fce9e6	56094	2026-09-19T21:12:22+05:30	ignored			
results/readouts_drugban_davis/ladder_drugban_maxatom_davis_seed3.md	7061d4ef85916932ef2c6ec0818d8d389dc6cae7229a1920ca85672f5d28f5a1	b13339065c8d46d297bf8bb3631c8878	475	2026-09-19T21:12:22+05:30	tracked-clean	2026-09-19T22:25:11+05:30		
results/readouts_drugban_davis/ladder_drugban_receptive_davis_seed1.json	51934404277d94218dae2bb6d7dba652bfd55f0829ae7f42110c5d631ddc44f3	68c514b9847c6e0b6c9bf0091863a444	55976	2026-09-19T21:21:11+05:30	ignored			
results/readouts_drugban_davis/ladder_drugban_receptive_davis_seed1.md	35b5049322276f2ae4f6451a43c33472e4574a36f7743b4cbcb404d4c32afbd0	bbf21b0f9b581f27edd58553f6f04f29	478	2026-09-19T21:21:11+05:30	tracked-clean	2026-09-19T22:25:11+05:30		
results/readouts_drugban_davis/ladder_drugban_receptive_davis_seed2.json	9775eff2f57ee73fba7760306eae93b0a8f24ff0ef9ba8445e1d58dca4394ce9	27c1f85c04fa51d1d155fde13403e984	55969	2026-09-19T21:29:58+05:30	ignored			
results/readouts_drugban_davis/ladder_drugban_receptive_davis_seed2.md	4b95c04a0095537028b27abc4f2138977315f86efa46dc896e81d43623954c8c	e8274344dca431aaeaa23667b6b05d11	479	2026-09-19T21:29:58+05:30	tracked-clean	2026-09-19T22:25:11+05:30		
results/readouts_drugban_davis/ladder_drugban_receptive_davis_seed3.json	1d762e543e5e260193e48c48a7da979ee26136b5306c20c848b636bf26b03c07	02602b87002852e354234dbaeb484d7c	55976	2026-09-19T21:38:08+05:30	ignored			
results/readouts_drugban_davis/ladder_drugban_receptive_davis_seed3.md	2e1922c1a900abb9446216a0d4d8e78fac66b1231c7b1835ee491aa6d6365025	91410181050968d7cef8275c18823ef7	478	2026-09-19T21:38:08+05:30	tracked-clean	2026-09-19T22:25:11+05:30		
results/readouts_moltrans_interaction/kiba/ladder_moltrans_interaction_kiba_seed1.json	1a6b2e1278552efdb0c1234723727a695080181be4e0299d7c2b0998eb324434	65ecab52b5d255d3b1368e37acfa86ca	28406	2026-09-20T13:34:38+05:30	tracked-clean	2026-09-20T13:45:29+05:30		
results/readouts_moltrans_interaction/kiba/ladder_moltrans_interaction_kiba_seed1.md	aad59717c490075b465e6bf704bfc893f5ddf44d4c2c3754b4fee617a1edfa02	71af1ce91034ec9e36234a06b6c8617f	359	2026-09-20T13:34:38+05:30	tracked-clean	2026-09-20T13:45:29+05:30		
results/readouts_moltrans_interaction/kiba/ladder_moltrans_interaction_kiba_seed2.json	452ee98dbacda5b098c405bbe722c3efa5a1ff62c481983d12523047041a8b33	a780f54d0245de96d50e7ee2d7fff7d1	28422	2026-09-20T13:37:10+05:30	tracked-clean	2026-09-20T13:45:29+05:30		
results/readouts_moltrans_interaction/kiba/ladder_moltrans_interaction_kiba_seed2.md	77588aa466369af3841f874db75873ff1cabc15fe336d62bddaeef20ace9d253	22fcc04cd6cb657dcfb54272b8c350a9	359	2026-09-20T13:37:10+05:30	tracked-clean	2026-09-20T13:45:29+05:30		
results/readouts_moltrans_interaction/kiba/ladder_moltrans_interaction_kiba_seed3.json	cb0ec1b787f510cdd6a22172f0769d4719de7d194c465438d90fed83230586dc	e90c41c31790d3931517b6b145564ad7	28427	2026-09-20T13:39:32+05:30	tracked-clean	2026-09-20T13:45:29+05:30		
results/readouts_moltrans_interaction/kiba/ladder_moltrans_interaction_kiba_seed3.md	cbbf5ade537242d0bbce21be4ec7cf0341bf4e62ac3365b65f85b79ac4694c0b	f93ca95b53f1f082f1cf577d2a192dac	359	2026-09-20T13:39:32+05:30	tracked-clean	2026-09-20T13:45:29+05:30		
results/readouts_moltrans_interaction/kiba_klifs/ladder_moltrans_interaction_kiba_seed1.json	c79353d3abcbe2f5e6e83af2cb6a03c3ee68a12431356549dc11b87ca2002721	1fe4426cc80ff0d56d82ab8b5c55ffcc	28383	2026-09-20T13:35:54+05:30	tracked-clean	2026-09-20T13:45:29+05:30		
results/readouts_moltrans_interaction/kiba_klifs/ladder_moltrans_interaction_kiba_seed1.md	e09b0a2daa463cc2fbcad71a53fa35e2c44623b7da5f409a4e33874fc112ebd3	f5405eac3b0c6fd35605e66ab0d590ba	359	2026-09-20T13:35:54+05:30	tracked-clean	2026-09-20T13:45:29+05:30		
results/readouts_moltrans_interaction/kiba_klifs/ladder_moltrans_interaction_kiba_seed2.json	598962fd68929e187e809e231509ca87eda9c70bcac60883fe43febeb6d1599b	04a544afaf6a88945f193d50a6c31578	28379	2026-09-20T13:38:21+05:30	tracked-clean	2026-09-20T13:45:29+05:30		
results/readouts_moltrans_interaction/kiba_klifs/ladder_moltrans_interaction_kiba_seed2.md	d22108c00a6fc5a966103a4bad7ebb827bcb3032841973c1bbc9ac8cf5a271c9	b53fc1b5976f666040d997a9143a1441	359	2026-09-20T13:38:21+05:30	tracked-clean	2026-09-20T13:45:29+05:30		
results/readouts_moltrans_interaction/kiba_klifs/ladder_moltrans_interaction_kiba_seed3.json	0ec0d552a69ad11b02352fbbe726b664d1a624a41761e769224d30f1015802df	0ae6056ae73fb7ceeb03c127b0a93a6d	28378	2026-09-20T13:40:45+05:30	tracked-clean	2026-09-20T13:45:29+05:30		
results/readouts_moltrans_interaction/kiba_klifs/ladder_moltrans_interaction_kiba_seed3.md	c01fee90bc61c12a939a6a7ab8c4f6c231234c24755900077d50fc24334c7404	6007def9c2a4443ee3e6882390e1c642	359	2026-09-20T13:40:45+05:30	tracked-clean	2026-09-20T13:45:29+05:30		
results/readouts_moltrans_interaction/klifs/ladder_moltrans_interaction_davis_seed1.json	eaa0009ac8a649733680b842cdffb1c45492eac39666d53d970b11bf9272e38b	1e79998fc48a53eace23568ec0e5e59a	55939	2026-09-20T13:31:25+05:30	tracked-clean	2026-09-20T13:45:29+05:30		
results/readouts_moltrans_interaction/klifs/ladder_moltrans_interaction_davis_seed1.md	2c8a478f568b9aae82bb0e8c556657161f20e0c11e4ccf51d66dd6df1e84fc4b	ae9706f929d2986afb14bcab2ac34f16	480	2026-09-20T13:31:25+05:30	tracked-clean	2026-09-20T13:45:29+05:30		
results/readouts_moltrans_interaction/klifs/ladder_moltrans_interaction_davis_seed2.json	188f1d7cb5d3ee49a930d899c8e7c112e9bf6eb2229fe142bac50cf0de5afe49	df7667fd7e5ee6344bdbac74315014d2	55996	2026-09-20T13:36:04+05:30	tracked-clean	2026-09-20T13:45:29+05:30		
results/readouts_moltrans_interaction/klifs/ladder_moltrans_interaction_davis_seed2.md	918b40f98165fc80e79c0c2db4b8286c60b56e2cc4d300c8ea27f8301c3479f7	65b25e8544081e3dbcec867305f0dc96	481	2026-09-20T13:36:04+05:30	tracked-clean	2026-09-20T13:45:29+05:30		
results/readouts_moltrans_interaction/klifs/ladder_moltrans_interaction_davis_seed3.json	ca53ea6252f7b4567f46b264b1f3c2ada646c5805e0f4b35855cc5f25825f8f9	2980fc6cb35827c54180473afb6e102c	55968	2026-09-20T13:40:48+05:30	tracked-clean	2026-09-20T13:45:29+05:30		
results/readouts_moltrans_interaction/klifs/ladder_moltrans_interaction_davis_seed3.md	a57d4861f580d31fcefb4ef02f9dd7e106c52799c9fe87d6d40a2ad022f8c9c9	5e4832765bcb22b0b8dd8044768ecdc5	481	2026-09-20T13:40:48+05:30	tracked-clean	2026-09-20T13:45:29+05:30		
results/readouts_moltrans_interaction/ladder_moltrans_interaction_davis_seed1.json	6e87bdba3dada6e9863171678754f3f063d9d726ddc47cfbcacbedd39062225e	f61e36216567c33cb53419d5e2fa05cf	55941	2026-09-20T13:29:14+05:30	tracked-clean	2026-09-20T13:45:29+05:30		
results/readouts_moltrans_interaction/ladder_moltrans_interaction_davis_seed1.md	8561fe6f292719b0e486f57195419f105eb32141577453bea9ba94039a9e1f3d	c751b496b73c6a7e50da82b325057644	481	2026-09-20T13:29:14+05:30	tracked-clean	2026-09-20T13:45:29+05:30		
results/readouts_moltrans_interaction/ladder_moltrans_interaction_davis_seed2.json	5563d2d0567df01ec35ceb57c511e654db8fedb2b251f192a8755cabbd687c5f	422294cab150c9bccb709d918ba749a6	55972	2026-09-20T13:33:36+05:30	tracked-clean	2026-09-20T13:45:29+05:30		
results/readouts_moltrans_interaction/ladder_moltrans_interaction_davis_seed2.md	1d72ab4105e688c3baa77b493794c1f042c0fd95b40214c5a7fe6b5511fdf72e	f95fa0ad2d6455a3873cbbfe0f5c9319	480	2026-09-20T13:33:36+05:30	tracked-clean	2026-09-20T13:45:29+05:30		
results/readouts_moltrans_interaction/ladder_moltrans_interaction_davis_seed3.json	f39eeadb2731812efac80d06341e33ebd995f2bf6d87a79212f32255947d20aa	d869813fd029c21dfafcdea8f654aeda	55969	2026-09-20T13:38:26+05:30	tracked-clean	2026-09-20T13:45:29+05:30		
results/readouts_moltrans_interaction/ladder_moltrans_interaction_davis_seed3.md	8001e588014219c1308137c4136bedb57be5b3ca2fff98f790ad81ec39a06984	4de3550295657f522a1ffe82c7445b7d	481	2026-09-20T13:38:26+05:30	tracked-clean	2026-09-20T13:45:29+05:30		
results/seed_agreement.md	256426ddf2259f92a9a457e95bbaad0d98e8912d96918cfa901b1631e20c400e	aa21b2a4b1694bc6d10025672c712179	2457	2026-09-19T20:04:23+05:30	tracked-clean	2026-09-19T22:25:11+05:30		
results/sequence_audit_davis.md	5a98d4402594c160806fe30f19279a8dc0879582419b687525df7a5157938194	970bc68abc895c084170caf2fa7e20c3	2522	2026-09-13T07:59:46+05:30	tracked-clean	2026-09-13T09:06:27+05:30		
results/sequence_audit_kiba.md	98b6c0f9d17e7eeb9e50752f603947d4093ba99e0529949363cc49eab399886b	eedc7e334b1dd35d68412d37e4c16fcd	1131	2026-09-13T07:59:43+05:30	tracked-clean	2026-09-13T09:06:27+05:30		
results/speed_test_kiba_t4.md	1493fcf1562b47eea054da98443345944ab21da04d5c400ad44de84705022a6e	53b185249d9dd79fea9c168675532d76	2833	2026-09-12T18:14:38+05:30	tracked-clean	2026-09-12T18:14:50+05:30		
results/split_summary.md	c9227673829b26abe811ad94c34198e1bad3303aee2743827b372372692b4b56	bc93c03cad32684aa21f37898fe77faf	3883	2026-09-18T03:14:49+05:30	tracked-clean	2026-08-23T21:53:24+05:30		
results/volume_control_davis.md	a96ae54dfbcad7cb03bf8a8d698568ad41f1847f829046896e7f8c188b07f778	6d475728f5971b4f68957a8a4d1c8987	4554	2026-09-13T02:06:52+05:30	tracked-clean	2026-09-13T02:19:16+05:30		
